channel_id,video_id,channel_name,duration(sec),domain,link,,,
UCBz9qbqujcjIavFmBJW2oZw,nAkV9oOZaz0,Sony AATH,2578,cartoon,https://www.youtube.com/watch?v=nAkV9oOZaz0,,,
UCiCnPY--pbn5S8JkJdV2PbQ,BfiNNo7CAJU,Bengali Movies- Angel Digital,9156,movie,https://www.youtube.com/watch?v=BfiNNo7CAJU,,,
UCSOBzuyWsqw6IxRGvhOd56g,gSQUs_ZqLEo,Asha Audio,3645,poem,https://www.youtube.com/watch?v=gSQUs_ZqLEo,,,
UC2APUcOvbVDswBXtsLJFOdw,uueOQDHw1pQ,ISLAM BORNA,3101,waz,https://youtu.be/uueOQDHw1pQ?si=wFDyJFOqijs74BBl,,,684.9805556
UC3wfNI_ZipV1Nihswf540oA,DeJ4fa5CAhQ,Capital Drama,5801,drama,https://www.youtube.com/watch?v=DeJ4fa5CAhQ,,,
UCVlUfN0sAILHcqgtWSxEPRg,8eWTF_TP4sI,Deepto Natok,4794,web series,https://www.youtube.com/watch?v=8eWTF_TP4sI,,,
UCR0qyv3paMYTGGxuK20ypJg,lRoj8QSD5qw,Durbeen TV,3136,drama,https://www.youtube.com/watch?v=lRoj8QSD5qw,,,
UC9nuJbEL-AMJLLqc2-ej8xQ,85QNMMnQSAs,Bongo,2620,drama,https://www.youtube.com/watch?v=85QNMMnQSAs,,,
UCqle5cwtPckB2N8sSQoynwg,fme_L6lmHiQ,Global TV Online,2472,drama,https://www.youtube.com/watch?v=fme_L6lmHiQ,,,
UCfxcQjjV4Ha0tTjBtsSAm-A,E70d6w_Q7Us,BookBuzz,2126,audiobook,https://youtu.be/E70d6w_Q7Us?si=ekVTJ_CaNALOWDt1,,,
UCHdKsVKYS3OmPuDvOJ6iI_Q,ivrXR1xrrdM,Audifeel,2025,audiobook,https://youtu.be/ivrXR1xrrdM?si=KtqycBehVlm3G4Ju,,,
UCkVA5o9E8er2kY5sm8ZJ9cw,o6oaez-H12U,BiggB Entertainment,2673,drama,https://www.youtube.com/watch?v=o6oaez-H12U,,,
UCuiU10bNF_mu4_YnK93e1kg,HbCkswCCdv0,Guddi Studio,3219,drama,https://www.youtube.com/watch?v=HbCkswCCdv0,,,
UCkVA5o9E8er2kY5sm8ZJ9cw,o6oaez-H12U,BiggB Entertainment,2673,drama,https://www.youtube.com/watch?v=o6oaez-H12U,,,
UCsCZzTEv38j8OcZaQp-y5DQ,CXse72HeG6k,GTV Drama,3091,drama,https://www.youtube.com/watch?v=CXse72HeG6k,,,
UC3wfNI_ZipV1Nihswf540oA,3ymAcXz78Wk,Capital Drama,5309,drama,https://www.youtube.com/watch?v=3ymAcXz78Wk,,,
UC3wfNI_ZipV1Nihswf540oA,AtXbnGVQURI,Capital Drama,4276,drama,https://www.youtube.com/watch?v=AtXbnGVQURI,,,
UC9jsDC5iXnPBrRXAIGmbIQQ,QAvou5A_KRw,Club 11 Entertainment,4019,drama,https://www.youtube.com/watch?v=QAvou5A_KRw,,,
UC3wfNI_ZipV1Nihswf540oA,8bIvKJgNp2Q,Capital Drama,4000,drama,https://www.youtube.com/watch?v=8bIvKJgNp2Q,,,
UC3wfNI_ZipV1Nihswf540oA,8RFPpdKdJgk,Capital Drama,3707,drama,https://www.youtube.com/watch?v=8RFPpdKdJgk,,,
UC3wfNI_ZipV1Nihswf540oA,IwVxONoGpz0,Capital Drama,3679,drama,https://www.youtube.com/watch?v=IwVxONoGpz0,,,
UC3wfNI_ZipV1Nihswf540oA,HPLgIcZZdx4,Capital Drama,5010,drama,https://www.youtube.com/watch?v=HPLgIcZZdx4,,,
UCsjSRfeVFmJcps2Bki1dRCw,Yp1Ni5tGv04,NTV Natok,2709,drama,https://www.youtube.com/watch?v=Yp1Ni5tGv04,,,
UCzUpRdOwrILcg6c6dKxPr0g,kHDkglPtT5A,CINEMAWALA,7463,movie,https://www.youtube.com/watch?v=kHDkglPtT5A,,,
UC946f-5n5X3Ylg7R5PuaUxg,g5S1wsUenJk,Binge,7186,web series,https://www.youtube.com/watch?v=g5S1wsUenJk,,,
UC946f-5n5X3Ylg7R5PuaUxg,6CfyH_y8kBo,Binge,10157,web series,https://www.youtube.com/watch?v=6CfyH_y8kBo,,,
UC946f-5n5X3Ylg7R5PuaUxg,aaSUxR8MI94,Binge,11429,web series,https://www.youtube.com/watch?v=aaSUxR8MI94,,,
UCsvBbEFpCTH23C4n_I2lx0A,uZmKDqcw71o,Channel i Prime,3655,drama,https://www.youtube.com/watch?v=uZmKDqcw71o,,,
UCsCVsu1LB4vl2b2RB7OM_ww,Dul848LMqC4,S ♡ Lifestyle ꙳,8355,movie,https://www.youtube.com/watch?v=Dul848LMqC4,,,
UCF4j3PhvOrs8eKyyzWA_fuw,2EFPthpwCyc,Zee Movies Bangla,5867,movie,https://www.youtube.com/watch?v=2EFPthpwCyc,,,
UCSmBiSVSBD3I4Eq7hHOQjrQ,IPo_F5wInu0,Channel i Movies,6057,movie,https://www.youtube.com/watch?v=IPo_F5wInu0,,,
UC2w7PA1YGcfXKbiH5RRnsFw,Q0IIkEDGzVo,Bongo Cinema,9310,movie,https://www.youtube.com/watch?v=Q0IIkEDGzVo,,,
UC2w7PA1YGcfXKbiH5RRnsFw,io8Gv1tWhk4,Bongo Cinema,7542,movie,https://www.youtube.com/watch?v=io8Gv1tWhk4,,,
UCetlSgFKkae_nsC3fmfC1ig,E_0MXP-Yq-Q,SIS Media,8271,movie,https://www.youtube.com/watch?v=E_0MXP-Yq-Q,,,
UCqk3_x2FUhPHXU51wiR1IsA,FOjSapwjrGA,G Series Bangla Movies,9450,movie,https://www.youtube.com/watch?v=FOjSapwjrGA,,,
UCza5m5lU6rquLOEMAl1h95g,ieTujadlovM,Live Tech,7622,movie,https://www.youtube.com/watch?v=ieTujadlovM,,,
UCZxu0dMOx9JpYsWkyDwunAQ,e63L8mIhV-Y,Eskay Movies,266,movie,https://www.youtube.com/watch?v=e63L8mIhV-Y,,,
UCetlSgFKkae_nsC3fmfC1ig,O9C5m2HFct8,SIS Media,8942,movie,https://www.youtube.com/watch?v=O9C5m2HFct8,,,
UCpNi3ip_fJY3vLVdqWbTzzA,ZIJ3DjcYERI,Laser Vision,9168,movie,https://www.youtube.com/watch?v=ZIJ3DjcYERI,,,
UCvoC1eVphUAe7a0m-uuoPbg,6nUEwUTNjAc,Bongo Movies,8822,movie,https://www.youtube.com/watch?v=6nUEwUTNjAc,,,
UCAz6rveBalVnE6qTmfQnvyQ,NFvZtFL37lc,Channel i Tv,7341,movie,https://www.youtube.com/watch?v=NFvZtFL37lc,,,
UCX4YkxiMW7K5Ev8UEOk-Rvg,MGvhDetI8A0,KHK Productions,10106,movie,https://www.youtube.com/watch?v=MGvhDetI8A0,,,
UCxivRY5HnBw5DUvmKiAB_zA,KcFqk8BJ9Eg,FAHIM MUSIC,5258,movie,https://www.youtube.com/watch?v=KcFqk8BJ9Eg,,,
UCwky5TX2CX0lxErXFwWiSvQ,vi8ctw24jZs,Abdullah Tv24,3578,waz,https://www.youtube.com/watch?v=vi8ctw24jZs,,,
UCmzT7IffenKCFiqcJkyU7oQ,LDUw3-PaA_Y,Rose Tv24,4333,waz,https://www.youtube.com/watch?v=LDUw3-PaA_Y,,,
UCWAt4ZztpagoUNCAVXMgfHg,GyENBsBKqMU,Islamer Rasta,4842,waz,https://www.youtube.com/watch?v=GyENBsBKqMU,,,
UCL9uttyCcuVh5RiQHz55ibQ,MPEcFJA1eHY,Islamic Waz Corner,6456,waz,https://www.youtube.com/watch?v=MPEcFJA1eHY,,,
UCrD0UteIcP4J1nzv-6DkVuw,1qm3eBxVRfs,R S MEDIA,6946,waz,https://www.youtube.com/watch?v=1qm3eBxVRfs,,,
UCmzT7IffenKCFiqcJkyU7oQ,jtdUdNlurWs,Rose Tv24,4269,waz,https://www.youtube.com/watch?v=jtdUdNlurWs,,,
UCLWrC5sBJ93jNZG3t7xqBQg,x0GPx6SJON4,MHR BANGLA WAZ,6273,waz,https://www.youtube.com/watch?v=x0GPx6SJON4,,,
UCDik9UsvvanFZkNd-x1L48Q,NGXc7VUpgNM,Islamic Life,4241,waz,https://www.youtube.com/watch?v=NGXc7VUpgNM,,,
UCDik9UsvvanFZkNd-x1L48Q,GCkgbREqsj4,Islamic Life,4200,waz,https://www.youtube.com/watch?v=GCkgbREqsj4,,,
UCmzT7IffenKCFiqcJkyU7oQ,JrBsNnNZb6c,Rose Tv24,6515,waz,https://www.youtube.com/watch?v=JrBsNnNZb6c,,,
UCDik9UsvvanFZkNd-x1L48Q,k4vm4HASsJo,Islamic Life,4300,waz,https://www.youtube.com/watch?v=k4vm4HASsJo,,,
UCWAt4ZztpagoUNCAVXMgfHg,nJRW7XpJfgQ,Islamer Rasta,6434,waz,https://www.youtube.com/watch?v=nJRW7XpJfgQ,,,
UCWgry3lrl5Cf4d1Vn06l3xA,AZ7RUhvNnPo,AL HERA ISLAMIC CENTER,6009,waz,https://www.youtube.com/watch?v=AZ7RUhvNnPo,,,
UCDik9UsvvanFZkNd-x1L48Q,aMXgws6a0Qk,Islamic Life,5745,waz,https://www.youtube.com/watch?v=aMXgws6a0Qk,,,
UCWAt4ZztpagoUNCAVXMgfHg,jqZt7gs9bKI,Islamer Rasta,5493,waz,https://www.youtube.com/watch?v=jqZt7gs9bKI,,,
UCufV2y_hdfb0qSfOj8Cj28w,MbPp03cnoh8,10 Ana | ১০ আনা,4504,stage drama,https://www.youtube.com/watch?v=MbPp03cnoh8&list=PLcp4zx9qxCVl8GRfeFfJ5jDHr8sthIe96,,,
UCW3COBbaywr3UcwVtBcMp-Q,sBdofyNXv_g,Channel Rupali HD,4370,stage drama,https://www.youtube.com/watch?v=sBdofyNXv_g&list=PLcp4zx9qxCVl8GRfeFfJ5jDHr8sthIe96&index=4,,,
UC7kuDI4KqxevSKiQGpOLs1w,7LAdrjlwGGo,Panvision TV,2478,stage drama,https://www.youtube.com/watch?v=7LAdrjlwGGo,,,
UCzkjGo9cGWPyhZMwOBqCVJg,DKAYew_mB5w,Bratyajon,7429,stage drama,https://www.youtube.com/watch?v=DKAYew_mB5w&list=TLPQMzEwMTIwMjYaoIPyaJs79Q&index=22,,,
UC3TUK5USLpTIi7ueKlYNkAA,DBiNdQqjmKc,Entertainment,5968,stage drama,https://www.youtube.com/watch?v=DBiNdQqjmKc&list=TLPQMzEwMTIwMjYaoIPyaJs79Q&index=27,,,
UCj4lkvT_GAsMMBeMs4LCdyA,wqWKbAySIJE,Sujat Shimul Entertainment,6762,stage drama,https://www.youtube.com/watch?v=wqWKbAySIJE&list=TLPQMzEwMTIwMjYaoIPyaJs79Q&index=29,,,
UCkdx2zvVh3Ao_5v7k30fggQ,QNoox6L4Elo,The Bong Culture TV,3219,stage drama,https://www.youtube.com/watch?v=QNoox6L4Elo&list=TLPQMzEwMTIwMjYaoIPyaJs79Q&index=33,,,
UC-T-lASc2qV30-ytUfkHefw,LjfOtdRcymw,AR Media 4K,3566,stage drama,https://www.youtube.com/watch?v=LjfOtdRcymw&list=TLPQMzEwMTIwMjYaoIPyaJs79Q&index=36,,,
UCTOU9kN5a2ty4olg3_sc4bQ,Pcv3g5Hnuag,Sanjay Mitra,5849,stage drama,https://www.youtube.com/watch?v=Pcv3g5Hnuag&list=TLPQMzEwMTIwMjYaoIPyaJs79Q&index=39,,,
UC_W-ZMawIs1BP2x1Ut67WsA,soDDF_ZFwlQ,Sonali Ghosh,6035,stage drama,https://www.youtube.com/watch?v=soDDF_ZFwlQ,,,
UCsQ7wrjayd2VoSyb4ZzbxDQ,i6wPbkdCe_c,AppyTv,7111,stage drama,https://www.youtube.com/watch?v=i6wPbkdCe_c&list=TLPQMzEwMTIwMjYaoIPyaJs79Q&index=45,,,
UCd1wBQbEpXoiFHbuOCvE1og,-X7gT9C5KcQ,চিলেকোঠা (Chilekotha)TV,6054,stage drama,https://www.youtube.com/watch?v=-X7gT9C5KcQ&list=TLPQMzEwMTIwMjYaoIPyaJs79Q&index=59,,,
UCW3COBbaywr3UcwVtBcMp-Q,n1e0-BM_V1A,Channel Rupali HD,5485,stage drama,https://www.youtube.com/watch?v=n1e0-BM_V1A&list=TLPQMzEwMTIwMjYaoIPyaJs79Q&index=75,,,
UCvfyHZq6Y_o6iANeXLbFTlA,BIxL_VThMNk,Muhammad Gulam Saruar,4900,stage drama,https://www.youtube.com/watch?v=BIxL_VThMNk&list=TLPQMzEwMTIwMjYaoIPyaJs79Q&index=78,,,
UCGLigkqc6NUy9ZAFNpConhg,GzJZiZj5fF8,Kids Planet Bangla,4327,cartoon,https://www.youtube.com/watch?v=GzJZiZj5fF8,,,
UCi4vAMDUfdAA5anI47umOxg,_2HjOdBQWJ0,Bengali Fairy Tales,3197,cartoon,https://www.youtube.com/watch?v=_2HjOdBQWJ0,,,
UCEds72X2GYVwk06-oTS64mA,b3c9sv1RgBw,Golpo Cartoon TV,4804,cartoon,https://www.youtube.com/watch?v=b3c9sv1RgBw,,,
UCQ9mF7-0NiDgTD65Lpbx6ew,k0e0fvQfssc,মন্ডা মিঠাই - Bangla Animation,4841,cartoon,https://www.youtube.com/watch?v=k0e0fvQfssc,,,
UCmSsi2Kvrhwh1upoxgMPwxQ,0wSK29V0oGc,Amader Toons,4384,cartoon,https://www.youtube.com/watch?v=0wSK29V0oGc,,,
UCskyGEnt5kzkfo_oKUPum0w,j4GcYPQliGs,গল্প কন্যা,3105,cartoon,https://www.youtube.com/watch?v=j4GcYPQliGs,,,
UCskyGEnt5kzkfo_oKUPum0w,j4GcYPQliGs,গল্প কন্যা,3105,cartoon,https://www.youtube.com/watch?v=j4GcYPQliGs,,,
UC_WfdilTgiwZqaDGqY5th1A,MZJ8sXV0c0I,BinBin Cartoon,16295,cartoon,https://www.youtube.com/watch?v=MZJ8sXV0c0I,,,
UC7GUB-hjMvx8cbzDVxdbQAA,SSweEUIQvZ8,SNF Bangla,9602,movie,https://www.youtube.com/watch?v=SSweEUIQvZ8,,,
UCeEU-oLIlmp3EFIREiVw0bg,d7ENdhOUhF0,Bangla GOLPO Official,5284,cartoon,https://www.youtube.com/watch?v=d7ENdhOUhF0,,,
UCKN4w_x31-v5L5GoYYXyw0A,_1YCMScOwJs,Bhebla Bhuter Cartoon,6525,cartoon,https://www.youtube.com/watch?v=_1YCMScOwJs,,,
UCeEU-oLIlmp3EFIREiVw0bg,slpsWgb_tEI,Bangla GOLPO Official,6596,cartoon,https://www.youtube.com/watch?v=slpsWgb_tEI,,,
UCeEU-oLIlmp3EFIREiVw0bg,slpsWgb_tEI,Bangla GOLPO Official,6596,cartoon,https://www.youtube.com/watch?v=slpsWgb_tEI,,,
UClGrQq-Cg2cbPakxxeIlGmw,9iQY_Pjfdm8,SRK TV+,4008,cartoon,https://www.youtube.com/watch?v=9iQY_Pjfdm8,,,
UCWKeZvw4iSZVM2qXKZde58A,h-XC_khPUvg,KidZ,2535,cartoon,https://www.youtube.com/watch?v=h-XC_khPUvg,,,
UC2WobbehR7yXpBDVBGxbZ4Q,350p9S3kuI0,Sonic Gang Bangla Movies,5780,cartoon,https://www.youtube.com/watch?v=350p9S3kuI0,,,
UC8CeBdSmfXb7jtBkKySOZPw,ovk1FQTxc-c,YO Kids Bangla,2828,cartoon,https://www.youtube.com/watch?v=ovk1FQTxc-c,,,
UC2HXZuHFLddZib4gDl1m6cA,zS5CIJdIZSw,Star News,3146,talk show,https://www.youtube.com/watch?v=zS5CIJdIZSw,,,
UC2P5Fd5g41Gtdqf0Uzh8Qaw,u0H_9QAHrgk,Rtv News,5222,talk show,https://www.youtube.com/watch?v=u0H_9QAHrgk,,,
UC0ESiUN0fy6sS_zxO5jOP-g,kvH8pkQbnbM,Channel Nine BD,4209,talk show,https://www.youtube.com/watch?v=kvH8pkQbnbM,,,
UCsBqX8QguRdkawdlNbIL1dw,UZ90ibm_PIQ,Kaler Kantho,4587,talk show,https://www.youtube.com/watch?v=UZ90ibm_PIQ,,,
UCjIi0uZg4h5Ar8gvLDTrGwA,rvhB0doL2OY,GTV News,3844,talk show,https://www.youtube.com/watch?v=rvhB0doL2OY,,,
UCUDQdVsKssximyFwg4IxnOQ,7pR6g8SgvR0,NTV News,3391,talk show,https://www.youtube.com/watch?v=7pR6g8SgvR0,,,
UCN6sm8iHiPd0cnoUardDAnw,QcI39mfmCBU,Jamuna TV,2859,talk show,https://www.youtube.com/watch?v=QcI39mfmCBU,,,
UCtqvtAVmad5zywaziN6CbfA,wOJWTpzUM4A,Ekattor TV,3157,talk show,https://www.youtube.com/watch?v=wOJWTpzUM4A,,,
UC2P5Fd5g41Gtdqf0Uzh8Qaw,x-SllxA6RJc,Rtv News,5169,talk show,https://www.youtube.com/watch?v=x-SllxA6RJc,,,
UCukUk9Eafoo4XHk4JZjoh8Q,F_Cz9nESZh0,Ultra Bengali,8166,movie,https://www.youtube.com/watch?v=F_Cz9nESZh0,,,
UCsjSRfeVFmJcps2Bki1dRCw,lMgzBP9M748,NTV Natok,1280,drama,https://www.youtube.com/watch?v=lMgzBP9M748,,,
UCpNi3ip_fJY3vLVdqWbTzzA,qp6vkRok9_8,Laser Vision,10195,drama,https://www.youtube.com/watch?v=qp6vkRok9_8,,,
UChyAHsYg_ykQ7jLwkggtdhg,Xu8mAGO4e80,TG Movies,8798,movie,https://www.youtube.com/watch?v=Xu8mAGO4e80,,,
UC5csuMwNPRsU9AWOSr94wmg,4u7UUN3nxyg,ETV Talk Show,2919,talk show,https://www.youtube.com/watch?v=4u7UUN3nxyg,,,
UCu0TQNeATzQFvXB1oP_Ihng,FyLYcCMfztI,Nexus TV News,3082,talk show,https://www.youtube.com/watch?v=FyLYcCMfztI,,,
UCu0TQNeATzQFvXB1oP_Ihng,FyLYcCMfztI,Nexus TV News,3082,talk show,https://www.youtube.com/watch?v=FyLYcCMfztI,,,
UCz8kD6OLDUGgq7QqTN3nIyQ,UEZb79SvQt8,Alap - আলাপ,3577,talk show,https://www.youtube.com/watch?v=UEZb79SvQt8,,,
UCz8kD6OLDUGgq7QqTN3nIyQ,UEZb79SvQt8,Alap - আলাপ,3577,podcast,https://www.youtube.com/watch?v=UEZb79SvQt8,,,
UCW5yX7_V4lBgyhAELf--cxA,Y6G1Q7Ck480,SameerScane,6685,podcast,https://www.youtube.com/watch?v=Y6G1Q7Ck480,,,
UCJJBtUqjm-QjJ7Cvtz0yqbQ,hGFG9nhAS1U,2 Cents Podcast,3815,podcast,https://www.youtube.com/watch?v=hGFG9nhAS1U,,,
UCCyP1bZGzPgFAOjTuvVPH0w,6OXF5WV-kIo,Podcast with Arijit Chakraborty (Bengali Version),3852,podcast,https://www.youtube.com/watch?v=6OXF5WV-kIo,,,
UCCyP1bZGzPgFAOjTuvVPH0w,A0kWYDOsVFI,Podcast with Arijit Chakraborty (Bengali Version),4272,podcast,https://www.youtube.com/watch?v=A0kWYDOsVFI,,,
UCCyP1bZGzPgFAOjTuvVPH0w,4SL15v9o_pM,Podcast with Arijit Chakraborty (Bengali Version),8289,podcast,https://www.youtube.com/watch?v=4SL15v9o_pM,,,
UCfFE620nGIfYwa-8w-m7DIQ,m-gX3XLkfCc,Explore Edventures,3899,podcast,https://www.youtube.com/watch?v=m-gX3XLkfCc,,,
UCjIi0uZg4h5Ar8gvLDTrGwA,K7eHX8c-ojA,GTV News,5212,podcast,https://www.youtube.com/watch?v=K7eHX8c-ojA,,,
UCjIi0uZg4h5Ar8gvLDTrGwA,K7eHX8c-ojA,GTV News,5212,talk show,https://www.youtube.com/watch?v=K7eHX8c-ojA,,,
UCN6sm8iHiPd0cnoUardDAnw,myfB3kyvPos,Jamuna TV,3065,talk show,https://www.youtube.com/watch?v=myfB3kyvPos,,,
UCCuL_mX2s39ZSn9uK3tIFWw,q_8RRKyeLwc,Debate for Democracy,2959,debate,https://www.youtube.com/watch?v=q_8RRKyeLwc,,,
UCN6sm8iHiPd0cnoUardDAnw,AaAI0nM7mg8,Jamuna TV,2628,talk show,https://www.youtube.com/watch?v=AaAI0nM7mg8,,,
UClzwimpLoZu9us9MwalLbtA,PaSJ26cYt8w,Bangladesh Television,2501,debate,https://www.youtube.com/watch?v=PaSJ26cYt8w,,,
UCKSJ5rTXq-pYgAmAOhVS_zQ,BU0YHWbsjZA,The Daily Star,3905,speech,https://www.youtube.com/watch?v=BU0YHWbsjZA&list=TLPQMzEwMTIwMjY_kwTWGkzuxQ&index=2,,,
UCYGztcCmHTr8mRQuE1ogMAA,7rTbT-_ulY8,D Talks,5190,podcast,https://www.youtube.com/watch?v=7rTbT-_ulY8,,,
UCn5PBpvcmT-EO8mc4s2fj6g,4bG-Bp0J_SY,Shawon Mir,7091,podcast,https://www.youtube.com/watch?v=4bG-Bp0J_SY,,,
UCUNEzmQ3zcifrhn0HwCgjYg,ilqZ2HVWdzE,The Business Standard,3153,podcast,https://www.youtube.com/watch?v=ilqZ2HVWdzE&list=TLPQMzEwMTIwMjY_kwTWGkzuxQ&index=5,,,
UCnNV-gK76uD4ivFup-07crQ,Bc2fH3I9Q1Y,ACS Future School,2525,online class,https://www.youtube.com/watch?v=Bc2fH3I9Q1Y&list=PLsRCKEpC3AenGaRibT9ViBytZwBneHGnd,,,
UCnNV-gK76uD4ivFup-07crQ,oTHRaoI9O04,ACS Future School,2444,online class,https://www.youtube.com/watch?v=oTHRaoI9O04&list=PLsRCKEpC3AenGaRibT9ViBytZwBneHGnd&index=4,,,
UCnNV-gK76uD4ivFup-07crQ,M_Grzmyvgdw,ACS Future School,2569,online class,https://www.youtube.com/watch?v=M_Grzmyvgdw&list=PLsRCKEpC3AenGaRibT9ViBytZwBneHGnd&index=7,,,
UCnNV-gK76uD4ivFup-07crQ,Bc2fH3I9Q1Y,ACS Future School,2525,online class,https://www.youtube.com/watch?v=Bc2fH3I9Q1Y&list=PLsRCKEpC3AenGaRibT9ViBytZwBneHGnd,,,
UCnNV-gK76uD4ivFup-07crQ,Mkw3sLuZwNE,ACS Future School,2859,online class,https://www.youtube.com/watch?v=Mkw3sLuZwNE&list=PLsRCKEpC3AenGaRibT9ViBytZwBneHGnd&index=3,,,
UCnNV-gK76uD4ivFup-07crQ,W1w1qJV7o1k,ACS Future School,3983,online class,https://www.youtube.com/watch?v=W1w1qJV7o1k&list=PLsRCKEpC3AenGaRibT9ViBytZwBneHGnd&index=2,,,
UCnNV-gK76uD4ivFup-07crQ,q3p6G6nLXOU,ACS Future School,3683,online class,https://www.youtube.com/watch?v=q3p6G6nLXOU&list=PLsRCKEpC3AenGaRibT9ViBytZwBneHGnd&index=12,,,
UCVlUfN0sAILHcqgtWSxEPRg,M93ThasXaZQ,Deepto Natok,3941,web series,https://www.youtube.com/watch?v=M93ThasXaZQ,,,
UCSBS2k76zEX-EPSjplgaigg,BnfDYkJpJV8,KS Entertainment,5737,drama,https://www.youtube.com/watch?v=BnfDYkJpJV8,,,
UClzwimpLoZu9us9MwalLbtA,eHOGRwmZDl8,Bangladesh Television,2848,debate,https://www.youtube.com/watch?v=eHOGRwmZDl8,,,
UCeNFssPnBfjYw7q6BAQdsuw,19Ec7YwiQb4,WHAT A SHOW!,4683,TV show,https://www.youtube.com/watch?v=19Ec7YwiQb4,,,
UC7lUFHcujxyC76r2LkmSOZA,fNa0Vf8tvhY,Maasranga Program,5452,TV show,https://www.youtube.com/watch?v=fNa0Vf8tvhY,,,
UCql6nzU1vRapqcL1OVj7pbQ,TnXrXA9oMS0,Mr. Mixer's World,2176,tour vlog,https://www.youtube.com/watch?v=TnXrXA9oMS0,,,
UCgc5_M1RttS2zaJlswB0F3w,_qjB0uDw5Wg,Petuk Couple,3328,tour vlog,https://www.youtube.com/watch?v=_qjB0uDw5Wg,,,
UCql6nzU1vRapqcL1OVj7pbQ,IXlGL6i5Prg,Mr. Mixer's World,1740,tour vlog,https://www.youtube.com/watch?v=IXlGL6i5Prg,,,
UCXScA8j4CSiil4wWAUonUnw,BwfFDR1B5Lw,MetroMan,2173,food vlog,https://www.youtube.com/watch?v=BwfFDR1B5Lw,,,
UCXScA8j4CSiil4wWAUonUnw,m6AwVcAPZCY,MetroMan,1129,food vlog,https://www.youtube.com/watch?v=m6AwVcAPZCY,,,
UCYvb2whhiunbP_MXU0Gt5mg,d2-P4ra6M_8,Fagun Audio Vision,4231,TV show,https://www.youtube.com/watch?v=d2-P4ra6M_8,,,
UCYvb2whhiunbP_MXU0Gt5mg,xjzesk9koE0,Fagun Audio Vision,3446,TV show,https://www.youtube.com/watch?v=xjzesk9koE0,,,
UCYvb2whhiunbP_MXU0Gt5mg,7MWrnrNRXaE,Fagun Audio Vision,3748,TV show,https://www.youtube.com/watch?v=7MWrnrNRXaE,,,
UCYvb2whhiunbP_MXU0Gt5mg,_yrIkrvi9Lo,Fagun Audio Vision,3697,TV show,https://www.youtube.com/watch?v=_yrIkrvi9Lo,,,
UCDUDmW-zIKIErCiTnNTUDow,N7MUM694RKE,HIKMAH,1982,speech Islamik,https://www.youtube.com/watch?v=N7MUM694RKE,,,
UC-dC50UvEgvV8ut2Uhoov6Q,gvFQT5yAvj4,জরিনা বিবির পালা,2592,debate,https://www.youtube.com/watch?v=gvFQT5yAvj4,,,
UC7vmqR9wv-upqITiV0S65DA,MXTDfs8GmS4,Dr Jahangir Kabir,2013,Health Talk,https://www.youtube.com/watch?v=MXTDfs8GmS4,,,
UCVg8WjB-6bgtcYmrl1hj_Fg,-iKjyR6VJoM,ATN Bangla,1454,Health Talk,https://www.youtube.com/watch?v=-iKjyR6VJoM,,,
UCMbO-c2g92KPgOzYKDsTbug,Ujgl8Jtjuo8,Desh Rupantor,2547,travel story,https://www.youtube.com/watch?v=Ujgl8Jtjuo8,,,
UCF5H3eSZ13nktM-I9CYZrog,SPGhXONQJ-c,Maasranga Ranga Shokal,2879,Interview,https://www.youtube.com/watch?v=SPGhXONQJ-c,,,
UCot6_4CL7KESSNiDcjeBFCw,C0kSXKNUM1U,Chorki,2954,TV show,https://www.youtube.com/watch?v=C0kSXKNUM1U,,,
UCwO2IsXSjviAoYnaYS2dAhQ,TM12f-DoFDY,NTV Shows,3960,TV show,https://www.youtube.com/watch?v=TM12f-DoFDY&list=PLsoqXr7gqLBwQELPBn_zQ4NcVxg11QUGg,,,
UCwO2IsXSjviAoYnaYS2dAhQ,TM12f-DoFDY,NTV Shows,3960,TV show,https://www.youtube.com/watch?v=TM12f-DoFDY&list=PLsoqXr7gqLBwQELPBn_zQ4NcVxg11QUGg,,,
UCAz6rveBalVnE6qTmfQnvyQ,mALH-_LbGYg,Channel i Tv,6379,TV show,https://www.youtube.com/watch?v=mALH-_LbGYg,,,
UCAz6rveBalVnE6qTmfQnvyQ,9cMl0BK6zrg,Channel i Tv,7049,TV show,https://www.youtube.com/watch?v=9cMl0BK6zrg&list=PLpkqfP6xSum4TCmErqidtxX1rxWpVuHBA,,,
UCAz6rveBalVnE6qTmfQnvyQ,9cMl0BK6zrg,Channel i Tv,7049,web series,https://www.youtube.com/watch?v=9cMl0BK6zrg&list=PLpkqfP6xSum4TCmErqidtxX1rxWpVuHBA,,,
UC946f-5n5X3Ylg7R5PuaUxg,uh1EYcX35Qc,Binge,5982,web series,https://www.youtube.com/watch?v=uh1EYcX35Qc,,,
UCJJYxWhu77PG_o7nbU_2tXQ,GuDRKOslFr4,Audio Book Bangla by Faheem,4688,web series,https://www.youtube.com/watch?v=GuDRKOslFr4,,,
UCJJYxWhu77PG_o7nbU_2tXQ,GuDRKOslFr4,Audio Book Bangla by Faheem,4688,audiobook,https://www.youtube.com/watch?v=GuDRKOslFr4,,,
UCC__OgzREPNDYzPzZskAy3w,zAfzTEgVor0,Weekend Tales,5396,audiobook,https://www.youtube.com/watch?v=zAfzTEgVor0,,,
UCIYgBLVzi8jaOw77-ZpUuzw,DTQ-thgsJZk,Horror Bangla । হরর বাংলা,2446,audiobook,https://www.youtube.com/watch?v=DTQ-thgsJZk,,,
UCIYgBLVzi8jaOw77-ZpUuzw,DTQ-thgsJZk,Horror Bangla । হরর বাংলা,2446,audiobook,https://www.youtube.com/watch?v=DTQ-thgsJZk,,,
UCJJYxWhu77PG_o7nbU_2tXQ,k81ok_geQeM,Audio Book Bangla by Faheem,8667,audiobook,https://www.youtube.com/watch?v=k81ok_geQeM,,,
UCJJYxWhu77PG_o7nbU_2tXQ,ONM_JyWVifI,Audio Book Bangla by Faheem,7207,audiobook,https://www.youtube.com/watch?v=ONM_JyWVifI,,,
UCHdzwjM47GBHwkbd8WlKByA,eqm7Z35NKqw,Md Nafiz Imtiaz,6089,audiobook,https://www.youtube.com/watch?v=eqm7Z35NKqw&list=PLVNGg0FVJmT4nQFhbnO3aoIxI8hw190oz&index=2,,,
UCHdzwjM47GBHwkbd8WlKByA,V3hTK09OeUk,Md Nafiz Imtiaz,6651,audiobook,https://www.youtube.com/watch?v=V3hTK09OeUk&list=PLVNGg0FVJmT4nQFhbnO3aoIxI8hw190oz&index=4,,,
UCHdzwjM47GBHwkbd8WlKByA,9FhnuqPWm1M,Md Nafiz Imtiaz,4814,audiobook,https://www.youtube.com/watch?v=9FhnuqPWm1M&list=PLVNGg0FVJmT4nQFhbnO3aoIxI8hw190oz&index=9,,,
UCF5H3eSZ13nktM-I9CYZrog,9fjCP3VIXCg,Maasranga Ranga Shokal,4346,Interview,https://youtu.be/9fjCP3VIXCg?si=s-eWAiwMgsyZk7j4,,,
UCF5H3eSZ13nktM-I9CYZrog,UxKfIYnSnX4,Maasranga Ranga Shokal,2938,Interview,https://youtu.be/UxKfIYnSnX4?si=dBAwOmIDabF06i2m,,,
UCF5H3eSZ13nktM-I9CYZrog,KepUFaWQIJw,Maasranga Ranga Shokal,5446,Interview,https://youtu.be/KepUFaWQIJw?si=UxjwixWvI7XQ6HV5,,,
UCF5H3eSZ13nktM-I9CYZrog,iG4nPI0Vqtw,Maasranga Ranga Shokal,2859,Interview,https://youtu.be/iG4nPI0Vqtw?si=2KQ60vY1sPA-G13a,,,
UCF5H3eSZ13nktM-I9CYZrog,xRrKD4GWOb4,Maasranga Ranga Shokal,2855,Interview,https://youtu.be/xRrKD4GWOb4?si=UdKqXLx0I669EDIQ,,,
UCF5H3eSZ13nktM-I9CYZrog,tP-QCrFRf20,Maasranga Ranga Shokal,2479,Interview,https://youtu.be/tP-QCrFRf20?si=Yy167SNQkqhBhTIE,,,
UCF5H3eSZ13nktM-I9CYZrog,t1qGk-HG1p8,Maasranga Ranga Shokal,1956,Interview,https://youtu.be/t1qGk-HG1p8?si=C1Kq7C7xDYturdAY,,,
UCF5H3eSZ13nktM-I9CYZrog,TEkxetUzoxM,Maasranga Ranga Shokal,4234,Interview,https://youtu.be/TEkxetUzoxM?si=OiGU0a1UG0QNxP5g,,,
UCF5H3eSZ13nktM-I9CYZrog,aXE9VW7tOqw,Maasranga Ranga Shokal,3142,Interview,https://youtu.be/aXE9VW7tOqw?si=am4WCDZax9Pc7Ind,,,
UCF5H3eSZ13nktM-I9CYZrog,OalNtnkJRok,Maasranga Ranga Shokal,4884,Interview,https://youtu.be/OalNtnkJRok?si=fA44ahduGDp1J0hy,,,
UCF5H3eSZ13nktM-I9CYZrog,Wo3DKQvrJQA,Maasranga Ranga Shokal,4343,Interview,https://youtu.be/Wo3DKQvrJQA?si=URv2rWBzGJMsMi_3,,,
UCW5yX7_V4lBgyhAELf--cxA,GGfrFHPvam0,SameerScane,4686,podcast,https://youtu.be/GGfrFHPvam0?si=wfpDI_x7TWJrZfZH,,,
UCW5yX7_V4lBgyhAELf--cxA,j6CF7DAYROY,SameerScane,3309,podcast,https://youtu.be/j6CF7DAYROY?si=8z7sbZWk0H_NAMBR,,,
UCW5yX7_V4lBgyhAELf--cxA,Y6G1Q7Ck480,SameerScane,6685,podcast,https://youtu.be/Y6G1Q7Ck480?si=0hcWd9OjKiD1hMbt,,,
UCW5yX7_V4lBgyhAELf--cxA,fC-HlXdsXBw,SameerScane,2855,podcast,https://youtu.be/fC-HlXdsXBw?si=pfuob7IV-MHn4vIs,,,
UCW5yX7_V4lBgyhAELf--cxA,se3OPYfKO_E,SameerScane,5651,podcast,https://youtu.be/se3OPYfKO_E?si=AhscM2k1sbaiqeM7,,,
UCW5yX7_V4lBgyhAELf--cxA,tn7bNCHCcog,SameerScane,4928,podcast,https://youtu.be/tn7bNCHCcog?si=xx4Atj8i88Mm5HCS,,,
UCJJBtUqjm-QjJ7Cvtz0yqbQ,IyztuQxLyAQ,2 Cents Podcast,6819,podcast,https://youtu.be/IyztuQxLyAQ?si=Dq9dEFYbgjogE6eo,,,
UCguZQBWNXQmldkl6lA-bAOg,-PqqDg7J_mw,Esha Rushdi,5021,podcast,https://youtu.be/-PqqDg7J_mw?si=Y-5bvHsLY94AVvkp,,,
UCswXBt9JTs51XNrR-j65E2w,NoHD74vFRrU,Perspective Podcast with Yahia Amin,3658,podcast,https://youtu.be/NoHD74vFRrU?si=7qM5ysokLHNR2Azl,,,
UCJJBtUqjm-QjJ7Cvtz0yqbQ,f7y611YKMEI,2 Cents Podcast,5071,podcast,https://youtu.be/f7y611YKMEI?si=HHit975igYLt74lm,,,
UCJJBtUqjm-QjJ7Cvtz0yqbQ,KJXDJFIb6oI,2 Cents Podcast,3589,podcast,https://youtu.be/KJXDJFIb6oI?si=PNzF4e5gYRD0NdXf,,,
UCJJBtUqjm-QjJ7Cvtz0yqbQ,bW6Chde6nu0,2 Cents Podcast,4993,podcast,https://youtu.be/bW6Chde6nu0?si=tHMP8fdAHVByhnHm,,,
UCJJBtUqjm-QjJ7Cvtz0yqbQ,m14lMRea23k,2 Cents Podcast,5350,podcast,https://youtu.be/m14lMRea23k?si=QHins-8rsB4N457Q,,,
UCJJBtUqjm-QjJ7Cvtz0yqbQ,hkL_6-cnMlI,2 Cents Podcast,5931,podcast,https://youtu.be/hkL_6-cnMlI?si=btJ0sj0jW28XxBRY,,,
UCJJBtUqjm-QjJ7Cvtz0yqbQ,3_AF5hDYzqo,2 Cents Podcast,4087,podcast,https://youtu.be/3_AF5hDYzqo?si=dcb57y9gUtGKMbsT,,,
UCJJBtUqjm-QjJ7Cvtz0yqbQ,YyIit16We-4,2 Cents Podcast,5824,podcast,https://youtu.be/YyIit16We-4?si=HDaHfbgn_PtPO9ze,,,
UCJJBtUqjm-QjJ7Cvtz0yqbQ,cOpyW6J3PEY,2 Cents Podcast,4920,podcast,https://youtu.be/cOpyW6J3PEY?si=O49yezpnF5MiTaM6,,,
UCVm7DR1fbEj7625ONy4y_Cg,I48j1uXnE8U,Mukhomukhi Podcast,3102,podcast,https://youtu.be/I48j1uXnE8U?si=bhyVCZV9LrbSeVKc,,,
UClCZcS7ljxvotTLeOD8OZ0Q,f74nV31QXK4,Rain Drops Media,2410,seerah,https://youtu.be/f74nV31QXK4?si=Qb4H-D-SNICQxq55,,,
UClCZcS7ljxvotTLeOD8OZ0Q,ENnFbxK3Umw,Rain Drops Media,3746,seerah,https://www.youtube.com/watch?v=ENnFbxK3Umw,,,
UClCZcS7ljxvotTLeOD8OZ0Q,YX46Qbs1TUU,Rain Drops Media,4017,seerah,https://www.youtube.com/watch?v=YX46Qbs1TUU,,,
UClCZcS7ljxvotTLeOD8OZ0Q,drJACpTjWSk,Rain Drops Media,3325,seerah,https://youtu.be/drJACpTjWSk?si=YVqy6eGGJPETaLSF,,,
UClCZcS7ljxvotTLeOD8OZ0Q,EKUuY_cf4Z8,Rain Drops Media,3616,seerah,https://youtu.be/EKUuY_cf4Z8?si=xQiQam7zNVd_11nu,,,
UClCZcS7ljxvotTLeOD8OZ0Q,hSH2FpEsjzU,Rain Drops Media,3751,seerah,https://youtu.be/hSH2FpEsjzU?si=8o66vpkG80f_OqJG,,,
UClCZcS7ljxvotTLeOD8OZ0Q,QIKUgYZw9rE,Rain Drops Media,2789,seerah,https://youtu.be/QIKUgYZw9rE?si=mq9l5rAJHfQp8oEu,,,
UClCZcS7ljxvotTLeOD8OZ0Q,v5vDwmLXX-U,Rain Drops Media,2996,seerah,https://youtu.be/v5vDwmLXX-U?si=VR9ktfqHfsN3ia_d,,,
UClCZcS7ljxvotTLeOD8OZ0Q,XCb3SCFITiM,Rain Drops Media,2087,seerah,https://youtu.be/XCb3SCFITiM?si=OVBn05Mr3HDhuWeV,,,
UClCZcS7ljxvotTLeOD8OZ0Q,z3VUOM19GcI,Rain Drops Media,2855,seerah,https://youtu.be/z3VUOM19GcI?si=BMows04602RDQiq-,,,
UClCZcS7ljxvotTLeOD8OZ0Q,SjE1eD6jZ1w,Rain Drops Media,3626,seerah,https://youtu.be/SjE1eD6jZ1w?si=8bunLAA70Jfl4R9R,,,
UClCZcS7ljxvotTLeOD8OZ0Q,-iZqeOQWQ2c,Rain Drops Media,3430,seerah,https://youtu.be/-iZqeOQWQ2c?si=-VBoUA2vB_76GHov,,,
UClCZcS7ljxvotTLeOD8OZ0Q,VDN07QJ-S8k,Rain Drops Media,2449,seerah,https://youtu.be/VDN07QJ-S8k?si=IC_vfWLGnS-D05rY,,,
UClCZcS7ljxvotTLeOD8OZ0Q,-KGVrPNoNw0,Rain Drops Media,3018,seerah,https://youtu.be/-KGVrPNoNw0?si=Eo8DFaoyirroy2pg,,,
UClCZcS7ljxvotTLeOD8OZ0Q,YpNA5mkjiMw,Rain Drops Media,3031,seerah,https://youtu.be/YpNA5mkjiMw?si=fc7Z4156BUWibjLc,,,
UClCZcS7ljxvotTLeOD8OZ0Q,jqbIwhn_sG8,Rain Drops Media,2887,seerah,https://youtu.be/jqbIwhn_sG8?si=r0Qzyp6zGEUK4bLo,,,
UClCZcS7ljxvotTLeOD8OZ0Q,8hSCwAKrovA,Rain Drops Media,3106,seerah,https://youtu.be/8hSCwAKrovA?si=QOIuAN4O2K8QFTiu,,,
UClCZcS7ljxvotTLeOD8OZ0Q,Ut3olQET9bk,Rain Drops Media,3095,seerah,https://youtu.be/Ut3olQET9bk?si=yQBt13HV8k-sySqS,,,
UClCZcS7ljxvotTLeOD8OZ0Q,NM_fFMp6Cyc,Rain Drops Media,3848,seerah,https://youtu.be/NM_fFMp6Cyc?si=sUi1ZAHJsvyDpcF_,,,
UClCZcS7ljxvotTLeOD8OZ0Q,-w8k7Gv4KV4,Rain Drops Media,4700,seerah,https://youtu.be/-w8k7Gv4KV4?si=25uzS8byhnjneNky,,,
UClCZcS7ljxvotTLeOD8OZ0Q,muTaJjSji9s,Rain Drops Media,3365,seerah,https://youtu.be/muTaJjSji9s?si=g1lDXUA2-dlDVA5g,,,
UClCZcS7ljxvotTLeOD8OZ0Q,X2ZtP1rfCoY,Rain Drops Media,3503,seerah,https://youtu.be/X2ZtP1rfCoY?si=EPqJBwezFSxXO8WX,,,
UClCZcS7ljxvotTLeOD8OZ0Q,-2198lDHGTc,Rain Drops Media,3193,seerah,https://youtu.be/-2198lDHGTc?si=tjnnzTTr7OpN-0z2,,,
UClCZcS7ljxvotTLeOD8OZ0Q,0Zpdr4kbIpw,Rain Drops Media,3107,seerah,https://youtu.be/0Zpdr4kbIpw?si=7XPmQa2FIx30K0G2,,,
UClCZcS7ljxvotTLeOD8OZ0Q,iYz-M3vhz10,Rain Drops Media,3430,seerah,https://youtu.be/iYz-M3vhz10?si=gmecD9vuay0t171p,,,
UCJJYxWhu77PG_o7nbU_2tXQ,2YyArjM9dCI,Audio Book Bangla by Faheem,6796,audiobook,https://youtu.be/2YyArjM9dCI?si=hTGYaBaZ43rrezvP,,,
UCJJYxWhu77PG_o7nbU_2tXQ,XVzX4RdFs5g,Audio Book Bangla by Faheem,5856,audiobook,https://youtu.be/XVzX4RdFs5g?si=gY-U-s4zOfIt5zXt,,,
UCJJYxWhu77PG_o7nbU_2tXQ,cn5O0FfJFzI,Audio Book Bangla by Faheem,7625,audiobook,https://youtu.be/cn5O0FfJFzI?si=5ov9dhVyH2t_QPf3,,,
UCJJYxWhu77PG_o7nbU_2tXQ,ybkfnn4EBxA,Audio Book Bangla by Faheem,6136,audiobook,https://youtu.be/ybkfnn4EBxA?si=k68c1JYROPkUx2ww,,,
UCJJYxWhu77PG_o7nbU_2tXQ,ODULyZuNVM8,Audio Book Bangla by Faheem,6905,audiobook,https://youtu.be/ODULyZuNVM8?si=l0HbxMUCMkv11TAD,,,
UCJJYxWhu77PG_o7nbU_2tXQ,Ypj6E3KVw8M,Audio Book Bangla by Faheem,6979,audiobook,https://youtu.be/Ypj6E3KVw8M?si=5HOk1NP3zplPgzfh,,,
UCJJYxWhu77PG_o7nbU_2tXQ,dmEVahd-9G0,Audio Book Bangla by Faheem,6497,audiobook,https://youtu.be/dmEVahd-9G0?si=ZQECa-ku5528516E,,,
UCJJYxWhu77PG_o7nbU_2tXQ,GxOy94fCrJ0,Audio Book Bangla by Faheem,6822,audiobook,https://youtu.be/GxOy94fCrJ0?si=yyf4qJBKW4mNhDu2,,,
UCJJYxWhu77PG_o7nbU_2tXQ,qMpUm_dRvWE,Audio Book Bangla by Faheem,8543,audiobook,https://youtu.be/qMpUm_dRvWE?si=KdMXf7d8aXB31xRu,,,
UCJJYxWhu77PG_o7nbU_2tXQ,uNAfAsfBAys,Audio Book Bangla by Faheem,4573,audiobook,https://youtu.be/uNAfAsfBAys?si=lr-vF1G-ETROHiSW,,,
UCJJYxWhu77PG_o7nbU_2tXQ,w170qnCzgOE,Audio Book Bangla by Faheem,8107,audiobook,https://youtu.be/w170qnCzgOE?si=9p8si8qooLJpa0Z4,,,
UCJJYxWhu77PG_o7nbU_2tXQ,SCQCWSBJaQI,Audio Book Bangla by Faheem,6041,audiobook,https://youtu.be/SCQCWSBJaQI?si=cS-cW3JMZ8jOwTFt,,,
UCJJYxWhu77PG_o7nbU_2tXQ,fbWGdXgvAII,Audio Book Bangla by Faheem,7401,audiobook,https://youtu.be/fbWGdXgvAII?si=QKDR7t_hFbDMY4lU,,,
UCJJYxWhu77PG_o7nbU_2tXQ,aTZQShUMIGY,Audio Book Bangla by Faheem,8369,audiobook,https://youtu.be/aTZQShUMIGY?si=afES_LpWk9ltkjPR,,,
UCJJYxWhu77PG_o7nbU_2tXQ,U72X1nF2ZLI,Audio Book Bangla by Faheem,10001,audiobook,https://youtu.be/U72X1nF2ZLI?si=pEoUNFOvpuiV0PV0,,,
UCR2Jn8WfOjt_e4z15QuyPZQ,OodrP-FfI_E,Kobita Concert,2836,poem,https://youtu.be/OodrP-FfI_E?si=KBvjgD_ExG_3guP3,,,
UCzWYG6Qfyia59djfWGzkmVA,ZUWSbTFWH9g,Shankhamala Creations,2167,poem,https://youtu.be/ZUWSbTFWH9g?si=RuqnzoDNbHZjNxem,,,
UCXkWZDR3L7mJlq9p-n12MVw,bCLp8sAXsAA,Hindusthan Record,2513,poem,https://youtu.be/bCLp8sAXsAA?si=9mqaI0hqXjhW4wtX,,,
UCoXCrCeyIEU4z6xCAds7utQ,sPpeIpRDMHA,Times Music Axom,3828,poem,https://youtu.be/sPpeIpRDMHA?si=5BMn_TfxrVyIr6-l,,,
UC5Q0wdvMYUEiVkeja50qVqA,iMO0_Un4kA0,Poetry Play,2748,poem,https://youtu.be/iMO0_Un4kA0?si=ZiQYtubuBUQh5FDv,,,
UCpdJCwHj6ITwFMIMalVUvYA,mUSIcmOHrHk,Salman Habib,3745,poem,https://youtu.be/mUSIcmOHrHk?si=s6AZ4x_JWQfMj0gL,,,
UC6fYeXGw3tJ7OmBdT-EW2tg,OgVpn3_jBN0,tapan sanyal,2984,poem,https://youtu.be/OgVpn3_jBN0?si=M3PmZwXYYa4EVGs4,,,
UCxlzZ7yERBklKkpnJM8SH-Q,FZ6WvlDge3A,Gaan Faan,2354,poem,https://youtu.be/FZ6WvlDge3A?si=rWQCsnjL1v7OGxfY,,,
UCJOipNGeOvi-131DAyyqvuQ,sz5KKZHR70Y,Bangla Bitorko (বাংলা বিতর্ক),5176,debate,https://www.youtube.com/watch?v=sz5KKZHR70Y,,,
UCJOipNGeOvi-131DAyyqvuQ,SGQRsnqn46Y,Bangla Bitorko (বাংলা বিতর্ক),5756,debate,https://youtu.be/SGQRsnqn46Y?si=RdPjsumwcV5KxWi0,,,
UClzwimpLoZu9us9MwalLbtA,molp5ns8vx0,Bangladesh Television,2589,debate,https://youtu.be/molp5ns8vx0?si=z3UKLhFLi_vWyYws,,,
UClzwimpLoZu9us9MwalLbtA,0EuPuEZ2e74,Bangladesh Television,2589,debate,https://youtu.be/0EuPuEZ2e74?si=XAGkIMdQ1_zhq2mD,,,
UClzwimpLoZu9us9MwalLbtA,VPRazD6JBNk,Bangladesh Television,2991,debate,https://youtu.be/VPRazD6JBNk?si=tZm8j-zMJ-x4a4r5,,,
UC18YiE-pd3fvvMbWbXxEm0Q,tlS0EsFZGKY,Risad Sharif,2918,debate,https://youtu.be/tlS0EsFZGKY?si=PTkTbrLIS57F1JQR,,,
UClzwimpLoZu9us9MwalLbtA,eHOGRwmZDl8,Bangladesh Television,2848,debate,https://youtu.be/eHOGRwmZDl8?si=f7DIXbx8Nt0cj_Xl,,,
UCCuL_mX2s39ZSn9uK3tIFWw,KxZN3tuX63M,Debate for Democracy,2693,debate,https://youtu.be/KxZN3tuX63M?si=Qm1QoJtlmiqchyiL,,,
UClzwimpLoZu9us9MwalLbtA,ZiGtH21rUp0,Bangladesh Television,2823,debate,https://youtu.be/ZiGtH21rUp0?si=-cm0LA44a95Z7s6x,,,
UCCuL_mX2s39ZSn9uK3tIFWw,O97lWOcdWyY,Debate for Democracy,2601,debate,https://youtu.be/O97lWOcdWyY?si=Hi42QUKTIVDE6Xhf,,,
UClzwimpLoZu9us9MwalLbtA,gYMGsXA51Ms,Bangladesh Television,2572,debate,https://youtu.be/gYMGsXA51Ms?si=9Y37b9-uMWHdBy1-,,,
UClzwimpLoZu9us9MwalLbtA,jBpA0cN-wYo,Bangladesh Television,2777,debate,https://youtu.be/jBpA0cN-wYo?si=xuBcDoSUAFgK_KlN,,,
UClzwimpLoZu9us9MwalLbtA,tvvWT7GmKKU,Bangladesh Television,2787,debate,https://youtu.be/tvvWT7GmKKU?si=PbrWt-jhdOOzWbys,,,
UCCuL_mX2s39ZSn9uK3tIFWw,PLDM7gwPjjg,Debate for Democracy,5802,debate,https://youtu.be/PLDM7gwPjjg?si=YTaDV3ijKMJbwrFy,,,
UCCuL_mX2s39ZSn9uK3tIFWw,v-Fnzu6KwGI,Debate for Democracy,2819,debate,https://youtu.be/v-Fnzu6KwGI?si=ZUxgCvEQ1mXl6euy,,,
UC6NQ-3qx7JVsJnTDbok2eXg,fG8pCyOh0Ug,Yeafee Entertainment,3044,podcast,https://www.youtube.com/watch?v=fG8pCyOh0Ug,,,
UCqM539gElW6mozNgGK4egrg,cWL2_Ri4KCw,CD Choice Entertainment,2494,natok,https://www.youtube.com/watch?v=cWL2_Ri4KCw,,,
UCcnxh4twzKnsZVco0DvHrkQ,FhHJ_4xBls8,Jago Bangla Drama,3050,natok,https://www.youtube.com/watch?v=FhHJ_4xBls8,,,
UCuh6MagjsYqrinaUp48xVCQ,u4EBdSoYxg0,LEMON TART PRODUCTION,2923,natok,https://www.youtube.com/watch?v=u4EBdSoYxg0,,,
UCmoUNlwdegdwxgZb89HTKIA,GBn5zm64HRs,JOY ENTERTAINMENT,4462,natok,https://www.youtube.com/watch?v=GBn5zm64HRs,,,
UCKRdwLxk_hBeiziMdNxDuoA,rw6V6nnMfto,Eagle Bangla Natok,2865,natok,https://www.youtube.com/watch?v=rw6V6nnMfto,,,
UCXrWVUgwKl4qJx9okn4pAVQ,epabjkmI5bQ,MK Production,8900,natok,https://www.youtube.com/watch?v=epabjkmI5bQ,,,
UCFlSrobAqUBzN80Et09iRQA,RbLNnFjiVgw,Boishakhi TV,8130,natok,https://www.youtube.com/watch?v=RbLNnFjiVgw,,,
UCsjSRfeVFmJcps2Bki1dRCw,L_IPvLOm4nM,NTV Natok,5991,natok,https://www.youtube.com/watch?v=L_IPvLOm4nM,,,
UCoYm8R_D54awmym_eIbQPAQ,OheedtDJ9A0,Rangon Entertainment,4378,natok,https://www.youtube.com/watch?v=OheedtDJ9A0,,,
UCoYm8R_D54awmym_eIbQPAQ,OheedtDJ9A0,Rangon Entertainment,4378,natok,https://www.youtube.com/watch?v=OheedtDJ9A0,,,
UCsr6QVeLlkitleHoS0T4IxQ,XomlwH-EBf8,Banglavision DRAMA,2478,natok,https://www.youtube.com/watch?v=XomlwH-EBf8,,,
UCaE9aMdlRomFYL4LkGhC1FQ,DPc8irpOSIc,NAF Entertainment,4642,natok,https://www.youtube.com/watch?v=DPc8irpOSIc,,,
UCzUpRdOwrILcg6c6dKxPr0g,dsnHKWDvBAs,CINEMAWALA,6743,natok,https://www.youtube.com/watch?v=dsnHKWDvBAs,,,
UCzUpRdOwrILcg6c6dKxPr0g,OocqG7u1r6U,CINEMAWALA,5530,yt.film,https://www.youtube.com/watch?v=OocqG7u1r6U,,,
UCaMLrOdfkn2l9NJb09LGFgg,exPkakUfP6k,Jago Entertainment,3321,natok,https://www.youtube.com/watch?v=exPkakUfP6k,,,
UCR0qyv3paMYTGGxuK20ypJg,lRoj8QSD5qw,Durbeen TV,3136,natok,https://www.youtube.com/watch?v=lRoj8QSD5qw,,,
UCIjLRyywnG8olYXAEVYGYgQ,uEUe415-r80,CMV,3512,natok,https://www.youtube.com/watch?v=uEUe415-r80,,,
UCLnxsptAdA9as2YNPIeJ94A,glxiF8oYzvU,Sultan Entertainment,4416,natok,https://www.youtube.com/watch?v=glxiF8oYzvU,,,
UC9GSYRPS60vhovLywourkSQ,bMCLQdagzWs,Captain's Drama,2510,natok,https://www.youtube.com/watch?v=bMCLQdagzWs,,,
UC3wfNI_ZipV1Nihswf540oA,UT0a504rXqU,Capital Drama,3708,drama,https://www.youtube.com/watch?v=UT0a504rXqU,,,
UC2PvBto6gvSLVub6CdwaivA,z4V8dlGaE9E,Rtv Drama,2593,natok,https://www.youtube.com/watch?v=z4V8dlGaE9E,,,
UCLnxsptAdA9as2YNPIeJ94A,FVaYV1QDnIs,Sultan Entertainment,4224,natok,https://www.youtube.com/watch?v=FVaYV1QDnIs,,,
UCCc5ZPBcr9L8oqRhgOEF94Q,tWdcQp0uqqE,LBC Entertainment,3242,natok,https://www.youtube.com/watch?v=tWdcQp0uqqE,,,
UCEm3_CDVtH0uMtT5lrM5nTQ,haYFKWeB8Kk,G Series Bangla Natok,2372,drama,https://www.youtube.com/watch?v=haYFKWeB8Kk,,,
UCgPUBXXPV7V_ckmXzK9-EDg,BaJt43QBeDQ,Dhallywood Cineplex,7282,thriller movie,https://www.youtube.com/watch?v=BaJt43QBeDQ,,,
UCdkOeALQMvNYbQCvx50orkA,qQUOHE-ZwQ4,NTV Bangla FUN,6231,drama original,https://www.youtube.com/watch?v=qQUOHE-ZwQ4,,,
UCgPUBXXPV7V_ckmXzK9-EDg,03TgBggahOQ,Dhallywood Cineplex,8375,movie,https://www.youtube.com/watch?v=03TgBggahOQ,,,
UCO7t9eosceAUn0_hIXj9KjA,Y5hPPnRtMiQ,V Series,8669,movie,https://www.youtube.com/watch?v=Y5hPPnRtMiQ&list=TLPQMDEwMjIwMjZxx40RhbM8-w&index=3,,,
UCgPUBXXPV7V_ckmXzK9-EDg,_xIew44lemg,Dhallywood Cineplex,8008,movie,https://www.youtube.com/watch?v=_xIew44lemg,,,
UCvoC1eVphUAe7a0m-uuoPbg,UKK8C56J1ko,Bongo Movies,7933,movie,https://www.youtube.com/watch?v=UKK8C56J1ko,,,
UCbeBi9XuDyqbWE6nobdh8ig,1QArU6QRSkg,TEN Studios,6142,movie,https://www.youtube.com/watch?v=1QArU6QRSkg,,,
UCMIXXHv3zCf72yFVCigsmmA,m8zJwNYSD24,Butterfly Entertainment,8371,movie,https://www.youtube.com/watch?v=m8zJwNYSD24,,,
UCbLL4MzG1lU-TwBYdAGZtug,VnyOEJRgxzQ,Echo Bengali Movie,9085,movie,https://www.youtube.com/watch?v=VnyOEJRgxzQ,,,
UCE25xIsy7wRVOp4dylbpajA,UcivX-5ZDMY,My Chokh,6687,movie,https://www.youtube.com/watch?v=UcivX-5ZDMY,,,
UC7B-Cg2wuS3EdJ2z_1bz76Q,M9SC_ol-XBc,Friends Communication,7981,movie,https://www.youtube.com/watch?v=M9SC_ol-XBc,,,
UCiCnPY--pbn5S8JkJdV2PbQ,sBLZ9r7QJFs,Bengali Movies- Angel Digital,7854,movie,https://www.youtube.com/watch?v=sBLZ9r7QJFs,,,
UCiCnPY--pbn5S8JkJdV2PbQ,pEK347IIxWA,Bengali Movies- Angel Digital,8416,movie,https://www.youtube.com/watch?v=pEK347IIxWA,,,
UChFYpBlY-nHelvEtoR42erw,am6xDj2l-KE,SB Cinema Hall,4987,movie,https://www.youtube.com/watch?v=am6xDj2l-KE,,,
UChFYpBlY-nHelvEtoR42erw,qrC-U3SklOs,SB Cinema Hall,8343,movie,https://www.youtube.com/watch?v=qrC-U3SklOs,,,
UChFYpBlY-nHelvEtoR42erw,9rZ8eZtuU2o,SB Cinema Hall,8383,movie,https://www.youtube.com/watch?v=9rZ8eZtuU2o,,,
UCTHZM7wRSyXFM9AOUCnFFBQ,Qq1T2Cyg9dI,Moon Movie Club,4069,movie,https://www.youtube.com/watch?v=Qq1T2Cyg9dI,,,
UChFYpBlY-nHelvEtoR42erw,j8qe-ob4h98,SB Cinema Hall,8105,movie,https://www.youtube.com/watch?v=j8qe-ob4h98,,,
UChFYpBlY-nHelvEtoR42erw,TYHQHgnN-2s,SB Cinema Hall,7377,movie,https://www.youtube.com/watch?v=TYHQHgnN-2s,,,
UCAz6rveBalVnE6qTmfQnvyQ,NIsv0k7ylKs,Channel i Tv,8127,movie,https://www.youtube.com/watch?v=NIsv0k7ylKs,,,
UCqk3_x2FUhPHXU51wiR1IsA,8blmviGifO4,G Series Bangla Movies,9189,movie,https://www.youtube.com/watch?v=8blmviGifO4,,,
UChFYpBlY-nHelvEtoR42erw,NvvqkyZOnwQ,SB Cinema Hall,8053,movie,https://www.youtube.com/watch?v=NvvqkyZOnwQ,,,
UChFYpBlY-nHelvEtoR42erw,emJDthZ9ioo,SB Cinema Hall,7846,movie,https://www.youtube.com/watch?v=emJDthZ9ioo,,,
UCBkBeEMx8lGmqhTpZgx_a2w,UD81qgmqSeU,Anupam Movies,9081,movie,https://www.youtube.com/watch?v=UD81qgmqSeU,,,
UChFYpBlY-nHelvEtoR42erw,KR9kQYtEfSk,SB Cinema Hall,7373,movie,https://www.youtube.com/watch?v=KR9kQYtEfSk,,,
UChFYpBlY-nHelvEtoR42erw,sT2010VoH0Q,SB Cinema Hall,9451,movie,https://www.youtube.com/watch?v=sT2010VoH0Q,,,
UCIjLRyywnG8olYXAEVYGYgQ,OggPI8YJZjw,CMV,3850,natok,https://www.youtube.com/watch?v=OggPI8YJZjw,,,
UCSOxPY5jnnmBC6BRFIDvztw,5jNiwwj8dZs,Peacock Fun,4551,natok,https://www.youtube.com/watch?v=5jNiwwj8dZs,,,
UCaMLrOdfkn2l9NJb09LGFgg,tz60w14JjRY,Jago Entertainment,2637,drama,https://www.youtube.com/watch?v=tz60w14JjRY,,,
UCqle5cwtPckB2N8sSQoynwg,VAbYSisI4EI,Global TV Online,3610,natok,https://www.youtube.com/watch?v=VAbYSisI4EI,,,
UCqle5cwtPckB2N8sSQoynwg,AGq_Fn0bWEY,Global TV Online,4018,drama,https://www.youtube.com/watch?v=AGq_Fn0bWEY,,,
UCeNFssPnBfjYw7q6BAQdsuw,Pyfp8OKgkBc,WHAT A SHOW!,4784,what a show,https://www.youtube.com/watch?v=Pyfp8OKgkBc,,,
UCeNFssPnBfjYw7q6BAQdsuw,EMgA3TJ7bBA,WHAT A SHOW!,4172,what a show,https://www.youtube.com/watch?v=EMgA3TJ7bBA,,,
UCeNFssPnBfjYw7q6BAQdsuw,r7_cEA_PS9g,WHAT A SHOW!,4489,what a show,https://www.youtube.com/watch?v=r7_cEA_PS9g,,,
UCeNFssPnBfjYw7q6BAQdsuw,-trtD5p4md0,WHAT A SHOW!,3183,what a show,https://www.youtube.com/watch?v=-trtD5p4md0,,,
UCeNFssPnBfjYw7q6BAQdsuw,8u-RF-GW99w,WHAT A SHOW!,3433,what a show,https://www.youtube.com/watch?v=8u-RF-GW99w,,,
UCeNFssPnBfjYw7q6BAQdsuw,gOmGswC91lg,WHAT A SHOW!,4311,what a show,https://www.youtube.com/watch?v=gOmGswC91lg,,,
UCeNFssPnBfjYw7q6BAQdsuw,P043Ulwb_6k,WHAT A SHOW!,3238,what a show,https://www.youtube.com/watch?v=P043Ulwb_6k,,,
UCeNFssPnBfjYw7q6BAQdsuw,glPPIE_2pYY,WHAT A SHOW!,4453,what a show,https://www.youtube.com/watch?v=glPPIE_2pYY,,,
UCVuFSxDxl8JwRnwnT100xMw,AjUbII4MoJk,Family Feud Bangladesh,2416,family feud,https://www.youtube.com/watch?v=AjUbII4MoJk,,,
UCwO2IsXSjviAoYnaYS2dAhQ,PFQP-GJrMpc,NTV Shows,3893,ha show,https://www.youtube.com/watch?v=PFQP-GJrMpc,,,
UCAz6rveBalVnE6qTmfQnvyQ,gFlutwr0DuE,Channel i Tv,3360,lux superstar,https://www.youtube.com/watch?v=gFlutwr0DuE,,,
UCjlqGztXLFoV8rV2SbOKLjQ,ZH6K-IGHgfQ,Rtv Entertainment,3009,podcast,https://www.youtube.com/watch?v=ZH6K-IGHgfQ&list=PLJGCn5V1c05xEQ-YK6RPWUnTuEWBeLMG9&index=https2,,,
UCjlqGztXLFoV8rV2SbOKLjQ,lkjmI0ag3o8,Rtv Entertainment,3143,podcast,https://www.youtube.com/watch?v=lkjmI0ag3o8&list=PLJGCn5V1c05xEQ-YK6RPWUnTuEWBeLMG9&index=4,,,
UCjlqGztXLFoV8rV2SbOKLjQ,1OsJHzUB8O4,Rtv Entertainment,2423,podcast,https://www.youtube.com/watch?v=1OsJHzUB8O4&list=PLJGCn5V1c05xEQ-YK6RPWUnTuEWBeLMG9&index=7,,,
UCjlqGztXLFoV8rV2SbOKLjQ,i3t8mVDnK0U,Rtv Entertainment,2628,podcast,https://www.youtube.com/watch?v=i3t8mVDnK0U&list=PLJGCn5V1c05xEQ-YK6RPWUnTuEWBeLMG9&index=14,,,
UCjlqGztXLFoV8rV2SbOKLjQ,oUSmjrBi3Dc,Rtv Entertainment,2545,podcast,https://www.youtube.com/watch?v=oUSmjrBi3Dc&list=PLJGCn5V1c05xEQ-YK6RPWUnTuEWBeLMG9&index=26,,,
UCjlqGztXLFoV8rV2SbOKLjQ,N-iITJeFtGQ,Rtv Entertainment,2702,podcast,https://www.youtube.com/watch?v=N-iITJeFtGQ&list=PLJGCn5V1c05xEQ-YK6RPWUnTuEWBeLMG9&index=33,,,
UCLrXLvAS4OLQWW_WUgwvOqg,Ot-f49RB5x0,10MS BCS & Govt. Jobs,9878,gk for govt,https://www.youtube.com/watch?v=Ot-f49RB5x0,,,
UCLrXLvAS4OLQWW_WUgwvOqg,FVbRh7I977Y,10MS BCS & Govt. Jobs,11536,gk for govt,https://www.youtube.com/watch?v=FVbRh7I977Y,,,
UCLrXLvAS4OLQWW_WUgwvOqg,tFOpRApo-sU,10MS BCS & Govt. Jobs,5247,gk for govt,https://www.youtube.com/watch?v=tFOpRApo-sU,,,
UCLrXLvAS4OLQWW_WUgwvOqg,tFOpRApo-sU,10MS BCS & Govt. Jobs,5247,gk for govt,https://www.youtube.com/watch?v=tFOpRApo-sU,,,
UCLrXLvAS4OLQWW_WUgwvOqg,tFOpRApo-sU,10MS BCS & Govt. Jobs,5247,gk for govt,https://www.youtube.com/watch?v=tFOpRApo-sU,,,
UCLrXLvAS4OLQWW_WUgwvOqg,tFOpRApo-sU,10MS BCS & Govt. Jobs,5247,gk for govt,https://www.youtube.com/watch?v=tFOpRApo-sU,,,
UCV0HVj0_493DTEwv2TF1pOQ,NAruHv8Wf3k,Biddabari,6274,bcs prep,https://www.youtube.com/watch?v=NAruHv8Wf3k,,,
UCLrXLvAS4OLQWW_WUgwvOqg,0eZJS7D0dzY,10MS BCS & Govt. Jobs,6943,bcs preli,https://www.youtube.com/watch?v=0eZJS7D0dzY,,,
UCJJYxWhu77PG_o7nbU_2tXQ,ONM_JyWVifI,Audio Book Bangla by Faheem,7207,audiobook,https://www.youtube.com/watch?v=ONM_JyWVifI,,,
UCFDgByYGHXZpHbJJ6p7gFlg,25-URSRs5r0,Golper Jonyo,9333,audiobook,https://www.youtube.com/watch?v=25-URSRs5r0,,,
UCJJYxWhu77PG_o7nbU_2tXQ,k81ok_geQeM,Audio Book Bangla by Faheem,8667,audiobook,https://www.youtube.com/watch?v=k81ok_geQeM,,,
UC7lUFHcujxyC76r2LkmSOZA,WeBhNYEAgaQ,Maasranga Program,3896,magic bauliana,https://www.youtube.com/watch?v=WeBhNYEAgaQ,,,
UCUvXoiDEKI8VZJrr58g4VAw,s_oQ--9d-Ks,DBC NEWS,2731,dbc news,https://www.youtube.com/watch?v=s_oQ--9d-Ks,,,
UCuGUVeyOWWGnJC6iO0esq-g,TeT_8JD7Jf4,Bangladeshi Beautiful News Presenters Tube,350,news presenter,https://www.youtube.com/watch?v=TeT_8JD7Jf4,,,
UCjIi0uZg4h5Ar8gvLDTrGwA,xHq0O0cFTgc,GTV News,1097,live talk,https://www.youtube.com/watch?v=xHq0O0cFTgc,,,
UCUvXoiDEKI8VZJrr58g4VAw,X2Yy86df3vw,DBC NEWS,2031,dbc news,https://www.youtube.com/watch?v=X2Yy86df3vw,,,
UCUvXoiDEKI8VZJrr58g4VAw,s_oQ--9d-Ks,DBC NEWS,2731,dbc news,https://www.youtube.com/watch?v=s_oQ--9d-Ks,,,
UCUvXoiDEKI8VZJrr58g4VAw,Gu6BP5pihDc,DBC NEWS,2085,news presenter,https://www.youtube.com/watch?v=Gu6BP5pihDc,,,
UCUvXoiDEKI8VZJrr58g4VAw,Gu6BP5pihDc,DBC NEWS,2085,news 24,https://www.youtube.com/watch?v=Gu6BP5pihDc,,,
UCAz6rveBalVnE6qTmfQnvyQ,8bGI9dZ1mzs,Channel i Tv,3012,banglabid,https://www.youtube.com/watch?v=8bGI9dZ1mzs&list=PLpkqfP6xSum7KsNoERBRgWpzL5JxipeFu,,,
UCAz6rveBalVnE6qTmfQnvyQ,Rmqu-kEZ288,Channel i Tv,3343,banglabid,https://www.youtube.com/watch?v=Rmqu-kEZ288&list=PLpkqfP6xSum7KsNoERBRgWpzL5JxipeFu&index=4,,,
UCCqIQrVd8vknHzLoYzg8OcQ,JasHGMSjsOQ,T Sports Bangladesh,2346,commentary,https://www.youtube.com/watch?v=JasHGMSjsOQ,,,
UCjddF3EFoYVAooFNN-2kKPw,ewmHaKrFNrM,T Sports Football,7866,commentary,https://youtu.be/ewmHaKrFNrM?si=4nmWkNl0qeGaPRMT,,,
UCCqIQrVd8vknHzLoYzg8OcQ,4Hj9NV09TVc,T Sports Bangladesh,2422,commentary,https://youtu.be/4Hj9NV09TVc?si=RVOI3Y5Oei78kQ-9,,,
UCCqIQrVd8vknHzLoYzg8OcQ,l_n0PUdOXg0,T Sports Bangladesh,2389,commentary,https://youtu.be/l_n0PUdOXg0?si=oXk9znsWFVfTY_Ad,,,
UC2t9imwIR7xlDfma3CmRKJQ,JoSJ9If0jhs,T Sports,7159,commentary,https://youtu.be/JoSJ9If0jhs?si=cTO1-YeH5ku3-yLX,,,
UC2t9imwIR7xlDfma3CmRKJQ,n7Jc-V45jo0,T Sports,6565,commentary,https://youtu.be/n7Jc-V45jo0?si=w7JE2kK_wXykpIGi,,,
UC2t9imwIR7xlDfma3CmRKJQ,qYZRhviWDc8,T Sports,8170,commentary,https://www.youtube.com/live/qYZRhviWDc8?si=7EqXvyCS5JBqharD,,,
UCps-52Z0IzaH1qifYYlrQ-Q,n21Q5XK-P5k,Sultan Multimedia,3031,natok,https://www.youtube.com/watch?v=n21Q5XK-P5k,,,
UCZ1_xoYoGJ38Ks0j1yVL6Zg,-lcMfhA0ArE,Flash Drama,2451,natok,https://www.youtube.com/watch?v=-lcMfhA0ArE,,,
UC2t9imwIR7xlDfma3CmRKJQ,wkq_vbDZIBg,T Sports,2556,commentary,https://www.youtube.com/live/wkq_vbDZIBg?si=PDowZ-infZ3Gp2Eu,,,
UCfnsho2vo88kCffrMI0pFEw,shb1tjPShJs,Bluebell Films,2971,natok,https://www.youtube.com/watch?v=shb1tjPShJs,,,
UC-Gc1p3IRxvK375DAKnoJ7A,_LmA42H0b0M,DBC NEWS Daily,2939,natok,https://www.youtube.com/watch?v=_LmA42H0b0M,,,
UCJJYxWhu77PG_o7nbU_2tXQ,BbrvxbscaGk,Audio Book Bangla by Faheem,4719,audiobook,https://www.youtube.com/watch?v=BbrvxbscaGk,,,
UCJJYxWhu77PG_o7nbU_2tXQ,_zPOiRYCj4A,Audio Book Bangla by Faheem,7198,audiobook,https://www.youtube.com/watch?v=_zPOiRYCj4A,,,
UCMIHRroo4UJ1uyyxShD9pMA,GALbyJ5keaU,SPORTS STORIES WITH SHOHAN,2906,commentary,https://www.youtube.com/live/GALbyJ5keaU?si=QhypiiFsvUZnGNbT,,,
UCIYgBLVzi8jaOw77-ZpUuzw,DTQ-thgsJZk,Horror Bangla । হরর বাংলা,2446,audiobook,https://www.youtube.com/watch?v=DTQ-thgsJZk,,,
UCMIHRroo4UJ1uyyxShD9pMA,F2xb7FjyK3M,SPORTS STORIES WITH SHOHAN,6133,commentary,https://www.youtube.com/live/F2xb7FjyK3M?si=8JA6c4lo5nCZJVYJ,,,
UCJJYxWhu77PG_o7nbU_2tXQ,HGR4RFJkAMk,Audio Book Bangla by Faheem,6609,audiobook,https://www.youtube.com/watch?v=HGR4RFJkAMk,,,
UCJJYxWhu77PG_o7nbU_2tXQ,SfKYsDNHHq8,Audio Book Bangla by Faheem,6736,audiobook,https://www.youtube.com/watch?v=SfKYsDNHHq8,,,
UCJJYxWhu77PG_o7nbU_2tXQ,uJnzYPgL8zY,Audio Book Bangla by Faheem,4123,audiobook,https://www.youtube.com/watch?v=uJnzYPgL8zY,,,
UCJJYxWhu77PG_o7nbU_2tXQ,DCKBYiKs62s,Audio Book Bangla by Faheem,6657,audiobook,https://www.youtube.com/watch?v=DCKBYiKs62s,,,
UCJJYxWhu77PG_o7nbU_2tXQ,zm5v9BRKWwg,Audio Book Bangla by Faheem,5054,audiobook,https://www.youtube.com/watch?v=zm5v9BRKWwg,,,
UCJJYxWhu77PG_o7nbU_2tXQ,xEMsl_vluYo,Audio Book Bangla by Faheem,9279,audiobook,https://www.youtube.com/watch?v=xEMsl_vluYo,,,
UCJJYxWhu77PG_o7nbU_2tXQ,yvzFOnbmiSc,Audio Book Bangla by Faheem,3777,audiobook,https://www.youtube.com/watch?v=yvzFOnbmiSc,,,
UCJJYxWhu77PG_o7nbU_2tXQ,9O-NeTv4XxE,Audio Book Bangla by Faheem,7348,audiobook,https://www.youtube.com/watch?v=9O-NeTv4XxE,,,
UC946f-5n5X3Ylg7R5PuaUxg,N9bOVW1FpSY,Binge,4168,web film,https://www.youtube.com/watch?v=N9bOVW1FpSY,,,
UCSToFKncaIvzZM8-iVLKMbw,ziNSER0j0lU,Peacock Entertainment,2774,natok,https://www.youtube.com/watch?v=ziNSER0j0lU,,,
UC3wfNI_ZipV1Nihswf540oA,fnT70Bu5Sc0,Capital Drama,4037,drama,https://www.youtube.com/watch?v=fnT70Bu5Sc0,,,
UC3wfNI_ZipV1Nihswf540oA,6m6u3eC7QJk,Capital Drama,3715,drama,https://www.youtube.com/watch?v=6m6u3eC7QJk,,,
UCF4j3PhvOrs8eKyyzWA_fuw,Re7zBF6gFRM,Zee Movies Bangla,6433,movie,https://www.youtube.com/watch?v=Re7zBF6gFRM,,,
UCzUpRdOwrILcg6c6dKxPr0g,7MNj5b0LwdU,CINEMAWALA,4478,drama,https://www.youtube.com/watch?v=7MNj5b0LwdU,,,
UCaE9aMdlRomFYL4LkGhC1FQ,t4-sS0q-qGk,NAF Entertainment,3720,natok,https://www.youtube.com/watch?v=t4-sS0q-qGk,,,
UCaE9aMdlRomFYL4LkGhC1FQ,PijU7UXcJU4,NAF Entertainment,4317,natok,https://www.youtube.com/watch?v=PijU7UXcJU4,,,
UCR9-c_ryeb4OM_I3c3zUFYw,dgZOtPHuyaQ,Bangladeshi Food Reviewer,2305,food vlog,https://youtu.be/dgZOtPHuyaQ?si=h5sPevwWExaMB6YY,,,
UCR9-c_ryeb4OM_I3c3zUFYw,DqZKWkxaFd0,Bangladeshi Food Reviewer,2105,food vlog,https://youtu.be/DqZKWkxaFd0?si=UaQuz3px70jDuHCe,,,
UCR9-c_ryeb4OM_I3c3zUFYw,qYtQWVGwCcQ,Bangladeshi Food Reviewer,2702,food vlog,https://youtu.be/qYtQWVGwCcQ?si=Rj6NgTTHcKScwyyI,,,
UCR9-c_ryeb4OM_I3c3zUFYw,QlBzMT4754Y,Bangladeshi Food Reviewer,2190,food vlog,https://youtu.be/QlBzMT4754Y?si=BMKir3yJBWJODe6v,,,
UCR9-c_ryeb4OM_I3c3zUFYw,dAwMzcFT0s8,Bangladeshi Food Reviewer,2049,food vlog,https://youtu.be/dAwMzcFT0s8?si=CvlvK_l78hZDE18N,,,
UCR9-c_ryeb4OM_I3c3zUFYw,X0Y1Ql09CXY,Bangladeshi Food Reviewer,2288,food vlog,https://youtu.be/X0Y1Ql09CXY?si=p44muylf47BR0pyE,,,
UCR9-c_ryeb4OM_I3c3zUFYw,bauZ8mRVeT4,Bangladeshi Food Reviewer,2562,food vlog,https://youtu.be/bauZ8mRVeT4?si=M3aWvHP6xvLeLPDj,,,
UCR9-c_ryeb4OM_I3c3zUFYw,be1Sz_G7KXU,Bangladeshi Food Reviewer,2137,food vlog,https://youtu.be/be1Sz_G7KXU?si=YZLrEg0b5dxFAWfR,,,
UCJJBtUqjm-QjJ7Cvtz0yqbQ,b10OiAIYze0,2 Cents Podcast,4460,podcast,https://www.youtube.com/watch?v=b10OiAIYze0,,,
UCR9-c_ryeb4OM_I3c3zUFYw,AzD83pTd38E,Bangladeshi Food Reviewer,2108,food vlog,https://youtu.be/AzD83pTd38E?si=rc57L4QCvmuoqmgm,,,
UCR9-c_ryeb4OM_I3c3zUFYw,JpZybVPjUAk,Bangladeshi Food Reviewer,2273,food vlog,https://youtu.be/JpZybVPjUAk?si=XzpPiEbra6zxS-3D,,,
UCR9-c_ryeb4OM_I3c3zUFYw,Z_ZVoDtqNqI,Bangladeshi Food Reviewer,2166,food vlog,https://youtu.be/Z_ZVoDtqNqI?si=_hfXA4X1cXODQSTz,,,
UCR9-c_ryeb4OM_I3c3zUFYw,1WIgCeqIUfw,Bangladeshi Food Reviewer,2863,food vlog,https://youtu.be/1WIgCeqIUfw?si=u9WzTrIPy7jcuXHX,,,
UCR9-c_ryeb4OM_I3c3zUFYw,YjDt6mpVm_E,Bangladeshi Food Reviewer,2308,food vlog,https://youtu.be/YjDt6mpVm_E?si=BR3g_6WXYU-_AxQc,,,
UCR9-c_ryeb4OM_I3c3zUFYw,eJGsPuMMiuM,Bangladeshi Food Reviewer,2452,food vlog,https://youtu.be/eJGsPuMMiuM?si=XEjDrWWg_7bQMCaH,,,
UCR9-c_ryeb4OM_I3c3zUFYw,Xy0XB8te5z8,Bangladeshi Food Reviewer,2369,food vlog,https://youtu.be/Xy0XB8te5z8?si=i27ddkpkqKQe8fJe,,,
UCR9-c_ryeb4OM_I3c3zUFYw,7yjbPSJ6pZI,Bangladeshi Food Reviewer,2243,food vlog,https://youtu.be/7yjbPSJ6pZI?si=Uzx0SEJ20ejFWEr6,,,
UCg2xdE9HQt7WD9F7RYhJ3cg,7w360-1nmkU,Shykh Seraj,3829,TV show,https://youtu.be/7w360-1nmkU?si=rKVV3R8t3qtiAWPl,,,
UCg2xdE9HQt7WD9F7RYhJ3cg,RkVQcW9sKnA,Shykh Seraj,3835,TV show,https://youtu.be/RkVQcW9sKnA?si=1eQ4qjEVtxiwffES,,,
UCql6nzU1vRapqcL1OVj7pbQ,p-a37nHzsRQ,Mr. Mixer's World,2562,tour vlog,https://www.youtube.com/watch?v=p-a37nHzsRQ,,,
UCg2xdE9HQt7WD9F7RYhJ3cg,MObloyjatF0,Shykh Seraj,4199,TV show,https://youtu.be/MObloyjatF0?si=OEX6Hllcu2iTggPH,,,
UCql6nzU1vRapqcL1OVj7pbQ,0j3stvTDvjo,Mr. Mixer's World,2820,tour vlog,https://www.youtube.com/watch?v=0j3stvTDvjo,,,
UCg2xdE9HQt7WD9F7RYhJ3cg,qfYhgsMs7K8,Shykh Seraj,5126,TV show,https://youtu.be/qfYhgsMs7K8?si=tpqaGP2k_4UAFN3R,,,
UCg2xdE9HQt7WD9F7RYhJ3cg,8jtsUxg5TOI,Shykh Seraj,4698,TV show,https://youtu.be/8jtsUxg5TOI?si=XxgwrfGz05qvCGgV,,,
UCql6nzU1vRapqcL1OVj7pbQ,BJY9oviF4uQ,Mr. Mixer's World,2697,tour vlog,https://www.youtube.com/watch?v=BJY9oviF4uQ,,,
UCt0jtAMAKTbSsuj7O3nmxGQ,eEUygSvsc2M,Araf Intisar Dipto,2348,tour vlog,https://www.youtube.com/watch?v=eEUygSvsc2M,,,
UCg2xdE9HQt7WD9F7RYhJ3cg,UDNxIW_mbBU,Shykh Seraj,4166,TV show,https://youtu.be/UDNxIW_mbBU?si=mUY3BLx2k9ZxmCLi,,,
UCg2xdE9HQt7WD9F7RYhJ3cg,KBlDv-QGKuU,Shykh Seraj,5288,TV show,https://youtu.be/KBlDv-QGKuU?si=SNXAjx5XNovFnHAG,,,
UC3skwe9dnds43wbmSAhbmaQ,3PoFuLu6gfU,UBKV NEP 2020 CELL,4011,poem,https://youtu.be/3PoFuLu6gfU?si=s2VDuDVHbxLFE0Q0,,,
UCt0jtAMAKTbSsuj7O3nmxGQ,oGL7L7hanmM,Araf Intisar Dipto,4543,tour vlog,https://www.youtube.com/watch?v=oGL7L7hanmM,,,
UCql6nzU1vRapqcL1OVj7pbQ,nVVHBPMHCm4,Mr. Mixer's World,2321,tour vlog,https://www.youtube.com/watch?v=nVVHBPMHCm4,,,
UC7vmqR9wv-upqITiV0S65DA,NR-O-p_Gi5Q,Dr Jahangir Kabir,2647,health tips,https://www.youtube.com/watch?v=NR-O-p_Gi5Q,,,
UC7vmqR9wv-upqITiV0S65DA,Oi2FgjrTCo0,Dr Jahangir Kabir,5630,health tips,https://www.youtube.com/watch?v=Oi2FgjrTCo0,,,
UC7vmqR9wv-upqITiV0S65DA,4ZPiCmw2RfA,Dr Jahangir Kabir,2115,health tips,https://www.youtube.com/watch?v=4ZPiCmw2RfA,,,
UC7vmqR9wv-upqITiV0S65DA,dPbQrjqClWE,Dr Jahangir Kabir,5417,health tips,https://www.youtube.com/watch?v=dPbQrjqClWE,,,
UC7vmqR9wv-upqITiV0S65DA,hXtSOZnkDmM,Dr Jahangir Kabir,6228,family medicine,https://www.youtube.com/watch?v=hXtSOZnkDmM,,,
UC7vmqR9wv-upqITiV0S65DA,JUm8XIfHbJo,Dr Jahangir Kabir,5434,family medicine,https://www.youtube.com/watch?v=JUm8XIfHbJo,,,
UC946f-5n5X3Ylg7R5PuaUxg,rqXd5WK9DT8,Binge,5672,web series,https://www.youtube.com/watch?v=rqXd5WK9DT8,,,
UCVlUfN0sAILHcqgtWSxEPRg,7CN1OzZnW_U,Deepto Natok,4893,web film,https://www.youtube.com/watch?v=7CN1OzZnW_U,,,
UC9nuJbEL-AMJLLqc2-ej8xQ,9A4B_2jWAsY,Bongo,4128,web series,https://www.youtube.com/watch?v=9A4B_2jWAsY,,,
UC946f-5n5X3Ylg7R5PuaUxg,ubnrVmdAolk,Binge,8055,web series,https://www.youtube.com/watch?v=ubnrVmdAolk,,,
UC9nuJbEL-AMJLLqc2-ej8xQ,PfMVKbecSQs,Bongo,5505,webseries,https://www.youtube.com/watch?v=PfMVKbecSQs,,,
UCiCnPY--pbn5S8JkJdV2PbQ,-tn95OUHZcE,Bengali Movies- Angel Digital,6321,movie,https://www.youtube.com/watch?v=-tn95OUHZcE,,,
UCbisyb7Gjn1utdlk2Mcwusw,cqPngZN8Ua4,BanglaSongs,5855,poem,https://www.youtube.com/watch?v=cqPngZN8Ua4,,,
UCbisyb7Gjn1utdlk2Mcwusw,cqPngZN8Ua4,BanglaSongs,5855,poetry,https://www.youtube.com/watch?v=cqPngZN8Ua4,,,
UCwO2IsXSjviAoYnaYS2dAhQ,NSxaoOAV8q4,NTV Shows,5421,ha show,https://www.youtube.com/watch?v=NSxaoOAV8q4,,,
UCwO2IsXSjviAoYnaYS2dAhQ,007T9XKT_sE,NTV Shows,5450,ha show,https://www.youtube.com/watch?v=007T9XKT_sE,,,
UCwO2IsXSjviAoYnaYS2dAhQ,CvdQbExv0q0,NTV Shows,4834,ha show,https://www.youtube.com/watch?v=CvdQbExv0q0,,,
UC2P5Fd5g41Gtdqf0Uzh8Qaw,tBN4DSQrGsM,Rtv News,3380,talkshow,https://www.youtube.com/watch?v=tBN4DSQrGsM,,,
UCUvXoiDEKI8VZJrr58g4VAw,Ygruwy1Kq9k,DBC NEWS,2259,talkshow,https://www.youtube.com/watch?v=Ygruwy1Kq9k,,,
UCUvXoiDEKI8VZJrr58g4VAw,8PJjfdg98xw,DBC NEWS,2235,talkshow,https://www.youtube.com/watch?v=8PJjfdg98xw,,,
UCUvXoiDEKI8VZJrr58g4VAw,Ta6kP_cnNSA,DBC NEWS,2718,CSRM,https://www.youtube.com/watch?v=Ta6kP_cnNSA,,,
UCUvXoiDEKI8VZJrr58g4VAw,i6UGrUahTcg,DBC NEWS,2223,talkshow,https://www.youtube.com/watch?v=i6UGrUahTcg,,,
UCN6sm8iHiPd0cnoUardDAnw,qooQ7U3jMiA,Jamuna TV,2107,news,https://www.youtube.com/watch?v=qooQ7U3jMiA,,,
UCN6sm8iHiPd0cnoUardDAnw,zG-zX5hAtuY,Jamuna TV,2028,news,https://www.youtube.com/watch?v=zG-zX5hAtuY,,,
UCNUFterLJ9vpFZZ0try7sLA,7APpZTWdSh8,SOMOY TV Bulletin,2969,news,https://www.youtube.com/watch?v=7APpZTWdSh8,,,
UCHLqIOMPk20w-6cFgkA90jw,ChjLDeN88sY,Channel 24,4205,news,https://www.youtube.com/watch?v=ChjLDeN88sY,,,
UCL89KKkLs0tZKld-iIS3NGw,S3Ccarn5lOE,10 Minute School,2590,orientation live,https://www.youtube.com/watch?v=S3Ccarn5lOE,,,
UCL89KKkLs0tZKld-iIS3NGw,S3Ccarn5lOE,10 Minute School,2590,news presenter awardshow,https://www.youtube.com/watch?v=S3Ccarn5lOE,,,
UCsmwtLD4Dhm_SjHacEUpFBQ,RkV46Gq7RuE,OnnoRokom Uddokta,4190,uddokta kotha,https://www.youtube.com/watch?v=RkV46Gq7RuE,,,
UCpILhUQUhlsAGolvyU-93eg,E32xFNEflls,Yahia Amin,4364,podcast,https://www.youtube.com/watch?v=E32xFNEflls,,,
UCz5MdGbNZ0Xz83qUTvW50OQ,eN9M31N5O-E,Nafees Salim,4598,podcast,https://www.youtube.com/watch?v=eN9M31N5O-E,,,
UCDDyYbVMfNvLJNYZvl1OhwQ,f0Z0HoPnKsc,Hamdard TV হামদর্দ টিভি,1201,speech,https://www.youtube.com/watch?v=f0Z0HoPnKsc,,,
UCLrXLvAS4OLQWW_WUgwvOqg,zgIbmBnprsA,10MS BCS & Govt. Jobs,3644,bank job prep,https://www.youtube.com/watch?v=zgIbmBnprsA,,,
UCLrXLvAS4OLQWW_WUgwvOqg,zgIbmBnprsA,10MS BCS & Govt. Jobs,3644,bank jobs,https://www.youtube.com/watch?v=zgIbmBnprsA,,,
UCLrXLvAS4OLQWW_WUgwvOqg,Pt1RPilBYdo,10MS BCS & Govt. Jobs,3075,bank jobs,https://www.youtube.com/watch?v=Pt1RPilBYdo,,,
UCLrXLvAS4OLQWW_WUgwvOqg,vX0zNSbFOyY,10MS BCS & Govt. Jobs,6703,bcs preli,https://www.youtube.com/watch?v=vX0zNSbFOyY,,,
UCLrXLvAS4OLQWW_WUgwvOqg,V7-opNq3vqw,10MS BCS & Govt. Jobs,6331,bcs preli,https://www.youtube.com/watch?v=V7-opNq3vqw,,,
UCLrXLvAS4OLQWW_WUgwvOqg,OZEDPLyt81c,10MS BCS & Govt. Jobs,7454,bcs preli,https://www.youtube.com/watch?v=OZEDPLyt81c,,,
UCLrXLvAS4OLQWW_WUgwvOqg,x9EcYwY_XEE,10MS BCS & Govt. Jobs,8709,bcs preli,https://www.youtube.com/watch?v=x9EcYwY_XEE,,,
UCLrXLvAS4OLQWW_WUgwvOqg,Fz1lBGLVtbM,10MS BCS & Govt. Jobs,5388,bcs preli,https://www.youtube.com/watch?v=Fz1lBGLVtbM,,,
UCNUFterLJ9vpFZZ0try7sLA,n_gWUsVmAUg,SOMOY TV Bulletin,2710,news,https://www.youtube.com/watch?v=n_gWUsVmAUg,,,
UCN6sm8iHiPd0cnoUardDAnw,rMiJiktYzLI,Jamuna TV,2637,talkshow,https://www.youtube.com/watch?v=rMiJiktYzLI,,,
UClzwimpLoZu9us9MwalLbtA,nX6Sw0bzV10,Bangladesh Television,2454,debate,https://www.youtube.com/watch?v=nX6Sw0bzV10&list=PLoijsUvO6bOURfPG8i68EycthiMiYMjSR&index=3,,,
UClzwimpLoZu9us9MwalLbtA,OzFvld0s-OI,Bangladesh Television,2616,debate,https://www.youtube.com/watch?v=OzFvld0s-OI&list=PLoijsUvO6bOURfPG8i68EycthiMiYMjSR&index=4,,,
UClzwimpLoZu9us9MwalLbtA,FahWLpQPQL8,Bangladesh Television,2748,debate,https://www.youtube.com/watch?v=FahWLpQPQL8&list=PLoijsUvO6bOURfPG8i68EycthiMiYMjSR&index=6,,,
UClzwimpLoZu9us9MwalLbtA,7p2alvbmBA4,Bangladesh Television,2515,debate,https://www.youtube.com/watch?v=7p2alvbmBA4&list=PLoijsUvO6bOURfPG8i68EycthiMiYMjSR&index=7,,,
UClzwimpLoZu9us9MwalLbtA,MboLGVtU9ow,Bangladesh Television,2486,debate,https://www.youtube.com/watch?v=MboLGVtU9ow&list=PLoijsUvO6bOURfPG8i68EycthiMiYMjSR&index=9,,,
UClzwimpLoZu9us9MwalLbtA,fehTGnZxkTs,Bangladesh Television,2428,debate,https://www.youtube.com/watch?v=fehTGnZxkTs&list=PLoijsUvO6bOURfPG8i68EycthiMiYMjSR&index=10,,,
UClzwimpLoZu9us9MwalLbtA,7wiRO0d6dys,Bangladesh Television,2541,debate,https://www.youtube.com/watch?v=7wiRO0d6dys&list=PLoijsUvO6bOURfPG8i68EycthiMiYMjSR&index=12,,,
UClzwimpLoZu9us9MwalLbtA,TLJug4T06-o,Bangladesh Television,2572,debate,https://www.youtube.com/watch?v=TLJug4T06-o&list=PLoijsUvO6bOURfPG8i68EycthiMiYMjSR&index=15,,,
UCUBfQ5kEayQzfUCAxWUJOQQ,HBRgcpfOLxA,Heart Cinema,6841,movie,https://www.youtube.com/watch?v=HBRgcpfOLxA,,,
UCU_QyNWNH_1HJ1qVafQkWbw,cbzd57ng354,Mahoa Movies,7923,movie,https://www.youtube.com/watch?v=cbzd57ng354,,,
UCqk3_x2FUhPHXU51wiR1IsA,XoYPr7pbbzM,G Series Bangla Movies,8782,movie,https://www.youtube.com/watch?v=XoYPr7pbbzM&list=TLPQMDIwMjIwMjY2qfg2GNxpiw&index=2,,,
UCIO1zDtxhFjtXhQGuKafUmg,S9X2LHYgxaA,CD Choice,8845,movie,https://www.youtube.com/watch?v=S9X2LHYgxaA,,,
UCGsYx2W3_qeK8b_1eoVqQ2g,rMRgFReiJCo,Kino-Eye Films,6669,movie,https://www.youtube.com/watch?v=rMRgFReiJCo,,,
UCAz6rveBalVnE6qTmfQnvyQ,-zz7T8waQbI,Channel i Tv,9470,movie,https://www.youtube.com/watch?v=-zz7T8waQbI,,,
UCqle5cwtPckB2N8sSQoynwg,Z_3pP92QwRQ,Global TV Online,2826,drama,https://www.youtube.com/watch?v=Z_3pP92QwRQ,,,
UCV0HVj0_493DTEwv2TF1pOQ,5t5O2r4GYO0,Biddabari,4131,gk jobs,https://www.youtube.com/watch?v=5t5O2r4GYO0,,,
UCV0HVj0_493DTEwv2TF1pOQ,hZzGwJtyoHo,Biddabari,5149,gk jobs,https://www.youtube.com/watch?v=hZzGwJtyoHo,,,
UC0rnDMs_kTFsclXfpoZeK-g,xXJIqqnTv_k,উত্তরণ | Uttoron Career & Skills Academy,4180,bcs preli,https://www.youtube.com/watch?v=xXJIqqnTv_k,,,
UCV0HVj0_493DTEwv2TF1pOQ,IlyHV0zOIlM,Biddabari,2791,gk jobs,https://www.youtube.com/watch?v=IlyHV0zOIlM,,,
UCql6nzU1vRapqcL1OVj7pbQ,MBmsY88g-WQ,Mr. Mixer's World,3355,tour vlog,https://www.youtube.com/watch?v=MBmsY88g-WQ,,,
UCql6nzU1vRapqcL1OVj7pbQ,-oKeIfLJn70,Mr. Mixer's World,3111,tour vlog,https://www.youtube.com/watch?v=-oKeIfLJn70,,,
UCql6nzU1vRapqcL1OVj7pbQ,p-a37nHzsRQ,Mr. Mixer's World,2562,tour vlog,https://www.youtube.com/watch?v=p-a37nHzsRQ,,,
UCFX0lAkJUQwRP19Oi4BN6bA,H89qr7u5Vks,Salahuddin Sumon,2715,tour vlog,https://www.youtube.com/watch?v=H89qr7u5Vks,,,
UC7XUu6DQPUnVWujU-SeW9lA,YFgCHFMwUv4,Jannat The Lunatic Traveler,2490,tour vlog,https://www.youtube.com/watch?v=YFgCHFMwUv4,,,
UCFX0lAkJUQwRP19Oi4BN6bA,PHQJifEIEZE,Salahuddin Sumon,2709,tour vlog,https://www.youtube.com/watch?v=PHQJifEIEZE,,,
UCql6nzU1vRapqcL1OVj7pbQ,K8xOnr57TSE,Mr. Mixer's World,4271,tour vlog,https://www.youtube.com/watch?v=K8xOnr57TSE,,,
UCFX0lAkJUQwRP19Oi4BN6bA,5ibNbbEkelU,Salahuddin Sumon,2634,tour vlog,https://www.youtube.com/watch?v=5ibNbbEkelU,,,
UCFX0lAkJUQwRP19Oi4BN6bA,DH4Q90iWWAY,Salahuddin Sumon,2674,tour vlog,https://www.youtube.com/watch?v=DH4Q90iWWAY,,,
UCR9-c_ryeb4OM_I3c3zUFYw,4MJpX7WsatE,Bangladeshi Food Reviewer,2396,food vlog,https://www.youtube.com/watch?v=4MJpX7WsatE,,,
UCR9-c_ryeb4OM_I3c3zUFYw,pVj7i60fTss,Bangladeshi Food Reviewer,2000,food vlog,https://www.youtube.com/watch?v=pVj7i60fTss,,,
UCR9-c_ryeb4OM_I3c3zUFYw,B0mp8A2CwIw,Bangladeshi Food Reviewer,1707,food vlog,https://www.youtube.com/watch?v=B0mp8A2CwIw,,,
UCsBqX8QguRdkawdlNbIL1dw,ktkvef6loFo,Kaler Kantho,4151,talkshow,https://www.youtube.com/watch?v=ktkvef6loFo,,,
UC2HXZuHFLddZib4gDl1m6cA,Lei-ns-2ZLs,Star News,3588,podcast,https://www.youtube.com/watch?v=Lei-ns-2ZLs,,,
UCJJBtUqjm-QjJ7Cvtz0yqbQ,b10OiAIYze0,2 Cents Podcast,4460,podcast,https://www.youtube.com/watch?v=b10OiAIYze0,,,
UCUDQdVsKssximyFwg4IxnOQ,vFUyBAAtE0Y,NTV News,2961,talk show,https://www.youtube.com/watch?v=vFUyBAAtE0Y,,,
UC946f-5n5X3Ylg7R5PuaUxg,A-hyyRv8ms8,Binge,6207,web film,https://www.youtube.com/watch?v=A-hyyRv8ms8,,,
UCeYeOGk5jqQNDErn9TheUkA,VAxPoL35-FU,Rtv Movies,6963,web film,https://www.youtube.com/watch?v=VAxPoL35-FU,,,
UC946f-5n5X3Ylg7R5PuaUxg,OeKuWE2T-uc,Binge,5361,web film,https://www.youtube.com/watch?v=OeKuWE2T-uc,,,
UC9jsDC5iXnPBrRXAIGmbIQQ,qHtwjBtnUe8,Club 11 Entertainment,5708,web film,https://www.youtube.com/watch?v=qHtwjBtnUe8,,,
UC946f-5n5X3Ylg7R5PuaUxg,2Aomi9lfk3Q,Binge,4278,web film,https://www.youtube.com/watch?v=2Aomi9lfk3Q,,,
UC946f-5n5X3Ylg7R5PuaUxg,-S1vfRWX55s,Binge,6414,web film,https://www.youtube.com/watch?v=-S1vfRWX55s,,,
UC946f-5n5X3Ylg7R5PuaUxg,2um9dptuOjo,Binge,4849,web film,https://www.youtube.com/watch?v=2um9dptuOjo,,,
UC946f-5n5X3Ylg7R5PuaUxg,F1wpiLbW9-0,Binge,6546,web film,https://www.youtube.com/watch?v=F1wpiLbW9-0,,,
UC946f-5n5X3Ylg7R5PuaUxg,E5RDE1ReIyk,Binge,8020,web film,https://www.youtube.com/watch?v=E5RDE1ReIyk,,,
UC946f-5n5X3Ylg7R5PuaUxg,qh8FN6rbjNk,Binge,5837,web film,https://www.youtube.com/watch?v=qh8FN6rbjNk,,,
UCJJBtUqjm-QjJ7Cvtz0yqbQ,p5ixScWHBLw,2 Cents Podcast,5578,podcast,https://www.youtube.com/watch?v=p5ixScWHBLw,,,
UCz5MdGbNZ0Xz83qUTvW50OQ,eN9M31N5O-E,Nafees Salim,4598,podcast,https://www.youtube.com/watch?v=eN9M31N5O-E,,,
UCMWEXniw4ADj95vExGV5iAQ,_-MKddKvuVI,Studio of Creative Arts Ltd,5434,rj kibriya,https://www.youtube.com/watch?v=_-MKddKvuVI,,,
UCYvb2whhiunbP_MXU0Gt5mg,41OiscoBhY0,Fagun Audio Vision,4090,ityadi,https://www.youtube.com/watch?v=41OiscoBhY0,,,
UCMWEXniw4ADj95vExGV5iAQ,ynu-pwWcc6M,Studio of Creative Arts Ltd,4057,rj kibriya,https://www.youtube.com/watch?v=ynu-pwWcc6M,,,
UCN1qq0wbml0AztBgQfaLgGA,oz_AlCSyhcg,Nexus Television,2867,rj kibriya,https://www.youtube.com/watch?v=oz_AlCSyhcg,,,
UCYvb2whhiunbP_MXU0Gt5mg,p1td2XPWCgI,Fagun Audio Vision,3585,ityadi,https://www.youtube.com/watch?v=p1td2XPWCgI,,,
UCYvb2whhiunbP_MXU0Gt5mg,S6LNdKpSnpA,Fagun Audio Vision,4352,ityadi,https://www.youtube.com/watch?v=S6LNdKpSnpA,,,
UCsvBbEFpCTH23C4n_I2lx0A,1LNg_iHE8h4,Channel i Prime,3442,web series,https://www.youtube.com/watch?v=1LNg_iHE8h4,,,
UCYvb2whhiunbP_MXU0Gt5mg,LU9GDLaPvus,Fagun Audio Vision,4111,ityadi,https://www.youtube.com/watch?v=LU9GDLaPvus,,,
UCYvb2whhiunbP_MXU0Gt5mg,A6j7hkFPJQs,Fagun Audio Vision,4297,ityadi,https://www.youtube.com/watch?v=A6j7hkFPJQs,,,
UCAz6rveBalVnE6qTmfQnvyQ,9cMl0BK6zrg,Channel i Tv,7049,banglabid,https://www.youtube.com/watch?v=9cMl0BK6zrg&list=PLpkqfP6xSum4TCmErqidtxX1rxWpVuHBA,,,
UCAz6rveBalVnE6qTmfQnvyQ,lMLS9qIqOmk,Channel i Tv,4602,banglabid,https://www.youtube.com/watch?v=lMLS9qIqOmk&list=PLpkqfP6xSum4TCmErqidtxX1rxWpVuHBA&index=6,,,
UCg2xdE9HQt7WD9F7RYhJ3cg,7w360-1nmkU,Shykh Seraj,3829,krishoker eid anondo,https://www.youtube.com/watch?v=7w360-1nmkU,,,
UCjIi0uZg4h5Ar8gvLDTrGwA,lLFXyel_WmM,GTV News,3093,talkshow,https://www.youtube.com/watch?v=lLFXyel_WmM,,,
UC9nuJbEL-AMJLLqc2-ej8xQ,PV8IwOXxnRo,Bongo,8116,cinema,https://www.youtube.com/watch?v=PV8IwOXxnRo,,,
UCza5m5lU6rquLOEMAl1h95g,g24qawG_8zI,Live Tech,4103,telefilm,https://www.youtube.com/watch?v=g24qawG_8zI,,,
UCeXyNI4qZYON1ou9vD5-Lhg,vjqr7yStoG4,Rtv Classic,3497,telefilm,https://www.youtube.com/watch?v=vjqr7yStoG4,,,
UCJGnNvYgPpUhd7ImU9diBSQ,xLOMz_wkUQM,Maasranga TV Official,3584,telefilm,https://www.youtube.com/watch?v=xLOMz_wkUQM,,,
UCza5m5lU6rquLOEMAl1h95g,QDmuufdiQ4U,Live Tech,8078,movie,https://www.youtube.com/watch?v=QDmuufdiQ4U,,,
UCWAt4ZztpagoUNCAVXMgfHg,TlMNXvVn0ds,Islamer Rasta,3784,waz,https://www.youtube.com/watch?v=TlMNXvVn0ds,,,
UCcdMdHJ8zrsWiUhdStCC2Tw,Rc5bW4C6hmc,WAZ VISION BD,3774,waz,https://www.youtube.com/watch?v=Rc5bW4C6hmc,,,
UCg2xdE9HQt7WD9F7RYhJ3cg,KBlDv-QGKuU,Shykh Seraj,5288,krishoker eid anondo,https://www.youtube.com/watch?v=KBlDv-QGKuU,,,
UCg2xdE9HQt7WD9F7RYhJ3cg,qfYhgsMs7K8,Shykh Seraj,5126,krishoker eid anondo,https://www.youtube.com/watch?v=qfYhgsMs7K8,,,
UCg2xdE9HQt7WD9F7RYhJ3cg,jXs4SiDDDv4,Shykh Seraj,5103,krishoker eid anondo,https://www.youtube.com/watch?v=jXs4SiDDDv4,,,
UCg2xdE9HQt7WD9F7RYhJ3cg,uU0EKnXAwtU,Shykh Seraj,5073,krishoker eid anondo,https://www.youtube.com/watch?v=uU0EKnXAwtU,,,
UCg2xdE9HQt7WD9F7RYhJ3cg,cIbKHeqPw4s,Shykh Seraj,3025,tv show,https://www.youtube.com/watch?v=cIbKHeqPw4s,,,
UCYvb2whhiunbP_MXU0Gt5mg,hO-qVKnOST8,Fagun Audio Vision,3893,ityadi,https://www.youtube.com/watch?v=hO-qVKnOST8,,,
UC7lUFHcujxyC76r2LkmSOZA,0X4zpr6Hhe8,Maasranga Program,3655,cooking competition,https://www.youtube.com/watch?v=0X4zpr6Hhe8,,,
UCb-d2dCbEt_T-d3qf3oMICw,X2Jfijhc-28,Khalid Farhan,5472,podcast,https://www.youtube.com/watch?v=X2Jfijhc-28,,,
UCJJBtUqjm-QjJ7Cvtz0yqbQ,4cCEsESsp5c,2 Cents Podcast,4803,podcast,https://www.youtube.com/watch?v=4cCEsESsp5c,,,
UCcGQSV3dEwJDAWUWp4FwUXA,E0gQr6tH3aY,The Better BBA,4857,podcast,https://www.youtube.com/watch?v=E0gQr6tH3aY,,,
UCcGQSV3dEwJDAWUWp4FwUXA,AD035mJe1v4,The Better BBA,3663,podcast,https://www.youtube.com/watch?v=AD035mJe1v4,,,
UCNUFterLJ9vpFZZ0try7sLA,0nRZ5FsRcpA,SOMOY TV Bulletin,2729,news,https://www.youtube.com/watch?v=0nRZ5FsRcpA,,,